-- phpMyAdmin SQL Dump
-- version 4.8.5
-- https://www.phpmyadmin.net/
--
-- Host: 127.0.0.1
-- Generation Time: May 04, 2019 at 01:22 PM
-- Server version: 10.1.38-MariaDB
-- PHP Version: 5.6.40

SET SQL_MODE = "NO_AUTO_VALUE_ON_ZERO";
SET AUTOCOMMIT = 0;
START TRANSACTION;
SET time_zone = "+00:00";


/*!40101 SET @OLD_CHARACTER_SET_CLIENT=@@CHARACTER_SET_CLIENT */;
/*!40101 SET @OLD_CHARACTER_SET_RESULTS=@@CHARACTER_SET_RESULTS */;
/*!40101 SET @OLD_COLLATION_CONNECTION=@@COLLATION_CONNECTION */;
/*!40101 SET NAMES utf8mb4 */;

--
-- Database: `activity_2`
--

-- --------------------------------------------------------

--
-- Table structure for table `activity`
--

CREATE TABLE `activity` (
  `id` int(11) NOT NULL,
  `name` char(255) COLLATE utf8_unicode_ci NOT NULL,
  `description` text COLLATE utf8_unicode_ci NOT NULL,
  `image` text COLLATE utf8_unicode_ci,
  `created_at` datetime NOT NULL,
  `created_by` int(11) NOT NULL,
  `updated_at` datetime NOT NULL,
  `updated_by` int(11) NOT NULL,
  `term_sector` varchar(255) COLLATE utf8_unicode_ci DEFAULT NULL,
  `term_year` varchar(255) COLLATE utf8_unicode_ci DEFAULT NULL,
  `day_end` date DEFAULT NULL,
  `day_start` date DEFAULT NULL
) ENGINE=InnoDB DEFAULT CHARSET=utf8 COLLATE=utf8_unicode_ci;

--
-- Dumping data for table `activity`
--

INSERT INTO `activity` (`id`, `name`, `description`, `image`, `created_at`, `created_by`, `updated_at`, `updated_by`, `term_sector`, `term_year`, `day_end`, `day_start`) VALUES
(71, 'อบรม', '<p><br></p>', NULL, '2019-04-04 10:48:57', 56, '2019-04-19 02:45:59', 56, '', '', NULL, NULL),
(75, 'test', '<p><br></p>', NULL, '2019-04-19 02:51:56', 57, '2019-04-19 02:51:56', 57, '', '', NULL, NULL),
(76, '1', '<p><br></p>', NULL, '2019-04-19 03:12:24', 57, '2019-04-19 03:12:24', 57, '', '', NULL, NULL),
(77, '1', '<p><br></p>', NULL, '2019-04-19 03:12:24', 57, '2019-04-19 03:12:24', 57, '', '', NULL, NULL),
(78, '1234', '<p><br></p>', NULL, '2019-04-19 03:12:33', 57, '2019-04-19 03:12:33', 57, '', '', NULL, NULL),
(79, '2', '<p><br></p>', NULL, '2019-04-19 03:12:50', 57, '2019-04-19 03:12:50', 57, '', '', NULL, NULL),
(80, '3', '<p><br></p>', NULL, '2019-04-19 03:13:01', 57, '2019-04-19 03:13:01', 57, '', '', NULL, NULL),
(81, '4', '<p><br></p>', NULL, '2019-04-19 03:13:15', 57, '2019-04-19 03:13:15', 57, '', '', NULL, NULL),
(82, '5', '<p><br></p>', NULL, '2019-04-19 03:13:21', 57, '2019-04-19 03:13:21', 57, '', '', NULL, NULL),
(83, '6', '<p><br></p>', NULL, '2019-04-19 03:13:32', 57, '2019-04-19 03:13:32', 57, '', '', NULL, NULL),
(84, '7', '<p><br></p>', NULL, '2019-04-19 03:13:41', 57, '2019-04-19 03:13:41', 57, '', '', NULL, NULL),
(85, 'สอบความก้าวหน้าโครงงาน2', '<p>สู้ๆนะคะ</p>', 'assets/upload/image/f2.jpg', '2019-04-19 10:42:31', 56, '2019-04-19 10:42:31', 56, '', '', NULL, NULL);

-- --------------------------------------------------------

--
-- Table structure for table `activity_details`
--

CREATE TABLE `activity_details` (
  `id` int(11) NOT NULL,
  `activity_id` int(11) NOT NULL,
  `day_start` date NOT NULL,
  `day_end` date NOT NULL,
  `time_start` time NOT NULL,
  `time_end` time NOT NULL,
  `term_year` int(11) NOT NULL,
  `term_sector` int(11) NOT NULL,
  `location` text COLLATE utf8_unicode_ci NOT NULL,
  `created_at` datetime NOT NULL DEFAULT '0000-00-00 00:00:00' ON UPDATE CURRENT_TIMESTAMP,
  `created_by` int(11) NOT NULL,
  `updated_at` datetime NOT NULL DEFAULT '0000-00-00 00:00:00' ON UPDATE CURRENT_TIMESTAMP,
  `updated_by` int(11) NOT NULL
) ENGINE=InnoDB DEFAULT CHARSET=utf8 COLLATE=utf8_unicode_ci;

--
-- Dumping data for table `activity_details`
--

INSERT INTO `activity_details` (`id`, `activity_id`, `day_start`, `day_end`, `time_start`, `time_end`, `term_year`, `term_sector`, `location`, `created_at`, `created_by`, `updated_at`, `updated_by`) VALUES
(11, 71, '2019-04-18', '2019-04-20', '08:00:00', '16:00:00', 2561, 1, 'a', '2019-04-19 02:19:54', 56, '2019-04-19 02:19:54', 56),
(12, 85, '2019-05-01', '2019-05-04', '08:00:00', '16:00:00', 2561, 3, 'อาคารนวัตกรรม', '2019-04-19 10:45:54', 56, '2019-04-19 10:45:54', 56),
(13, 85, '2019-05-05', '2019-05-05', '08:00:00', '16:00:00', 2561, 1, 'อาคารนวัตกรรม', '2019-04-19 10:47:29', 56, '2019-04-19 10:47:29', 56);

-- --------------------------------------------------------

--
-- Table structure for table `albumactivity`
--

CREATE TABLE `albumactivity` (
  `id` int(11) NOT NULL,
  `activityID` int(11) DEFAULT NULL,
  `albumName` varchar(255) DEFAULT NULL,
  `created_at` datetime DEFAULT NULL,
  `updated_at` datetime DEFAULT NULL
) ENGINE=InnoDB DEFAULT CHARSET=utf8;

-- --------------------------------------------------------

--
-- Table structure for table `albumactivitydetail`
--

CREATE TABLE `albumactivitydetail` (
  `id` int(11) NOT NULL,
  `albumID` int(11) DEFAULT NULL,
  `file_path` varchar(255) DEFAULT NULL,
  `name_file` varchar(255) DEFAULT NULL
) ENGINE=InnoDB DEFAULT CHARSET=utf8;

-- --------------------------------------------------------

--
-- Table structure for table `participations`
--

CREATE TABLE `participations` (
  `id` int(11) NOT NULL,
  `activity_detail_id` int(11) DEFAULT NULL,
  `student_id` int(11) DEFAULT NULL
) ENGINE=InnoDB DEFAULT CHARSET=utf8;

--
-- Dumping data for table `participations`
--

INSERT INTO `participations` (`id`, `activity_detail_id`, `student_id`) VALUES
(669, 11, 12345678),
(670, 11, 58111410),
(671, 11, 58112418),
(672, 11, 58112970),
(673, 11, 58113341),
(674, 11, 58117656),
(675, 11, 58120379),
(676, 11, 58121435),
(677, 11, 58121856),
(678, 11, 58122516),
(679, 11, 58140500),
(680, 11, 58141623),
(681, 11, 58142753),
(682, 11, 58143033),
(683, 11, 58143900),
(684, 11, 58144239),
(685, 11, 58144924),
(686, 11, 58145236),
(687, 11, 58147406),
(688, 11, 58148602),
(689, 11, 58149840),
(690, 11, 58162660),
(691, 11, 58162694),
(692, 11, 59112557),
(693, 11, 59113423),
(694, 11, 59113589),
(695, 11, 59114462),
(696, 11, 59114819),
(697, 11, 59119438),
(698, 11, 59119610),
(699, 11, 59119941),
(700, 11, 59120535),
(701, 11, 59121368),
(702, 11, 59121970),
(703, 11, 59123570),
(704, 11, 59141242),
(705, 11, 59142901),
(706, 11, 59145003),
(707, 11, 59145219),
(708, 11, 59147918),
(709, 11, 60110673),
(710, 11, 60110863),
(711, 11, 60111465),
(712, 11, 60112869),
(713, 11, 60113008),
(714, 11, 60113479),
(715, 11, 60113834),
(716, 11, 60114105),
(717, 11, 60140365),
(718, 11, 60140852),
(719, 11, 60141900),
(720, 11, 60144235),
(721, 11, 60144730),
(722, 11, 60144961),
(723, 11, 60146313),
(724, 11, 60191053),
(725, 11, 61101192),
(726, 11, 61101242),
(727, 11, 61101655),
(728, 11, 61102299),
(729, 11, 61103776),
(730, 11, 61104139),
(731, 11, 61105631),
(732, 11, 61105888),
(733, 11, 61107686),
(734, 11, 61108262),
(735, 11, 61108718),
(736, 11, 61111191),
(737, 11, 61111415),
(738, 11, 61113239),
(739, 11, 61113403),
(740, 11, 61113619),
(741, 11, 61113858),
(742, 11, 61115184),
(743, 11, 61115267),
(744, 11, 61116141),
(745, 11, 61118717),
(746, 11, 61120531),
(747, 11, 61122685),
(748, 12, 58111111),
(749, 12, 58111410),
(750, 12, 58112418),
(751, 12, 58112970),
(752, 12, 58113341),
(753, 12, 58117656),
(754, 12, 58120379),
(755, 12, 58121435),
(756, 12, 58121856),
(757, 12, 58122516),
(758, 12, 58140500),
(759, 12, 58141623),
(760, 12, 58142753),
(761, 12, 58143033),
(762, 12, 58143900),
(763, 12, 58144239),
(764, 12, 58144924),
(765, 12, 58145236),
(766, 12, 58147406),
(767, 12, 58148602),
(768, 12, 58149840),
(769, 12, 58162660),
(770, 12, 58162694),
(771, 12, 58888888),
(772, 13, 58111111),
(773, 13, 58111410),
(774, 13, 58112418),
(775, 13, 58112970),
(776, 13, 58113341),
(777, 13, 58117656),
(778, 13, 58120379),
(779, 13, 58121435),
(780, 13, 58121856),
(781, 13, 58122516),
(782, 13, 58140500),
(783, 13, 58141623),
(784, 13, 58142753),
(785, 13, 58143033),
(786, 13, 58143900),
(787, 13, 58144239),
(788, 13, 58144924),
(789, 13, 58145236),
(790, 13, 58147406),
(791, 13, 58148602),
(792, 13, 58149840),
(793, 13, 58162660),
(794, 13, 58162694),
(795, 13, 58888888);

-- --------------------------------------------------------

--
-- Table structure for table `positions`
--

CREATE TABLE `positions` (
  `id` int(11) NOT NULL,
  `name` varchar(255) DEFAULT NULL,
  `created_at` datetime NOT NULL,
  `updated_at` datetime NOT NULL
) ENGINE=InnoDB DEFAULT CHARSET=utf8;

--
-- Dumping data for table `positions`
--

INSERT INTO `positions` (`id`, `name`, `created_at`, `updated_at`) VALUES
(1, 'นักวิชาการ', '2019-01-09 23:04:35', '2019-01-24 19:45:47'),
(2, 'อาจารย์', '2019-01-24 19:45:32', '2019-01-24 19:45:32'),
(3, 'ประธานหลักสูตร', '2019-01-09 23:05:16', '2019-01-09 23:05:20');

-- --------------------------------------------------------

--
-- Table structure for table `rank_checks`
--

CREATE TABLE `rank_checks` (
  `id` int(11) NOT NULL,
  `activity_details_id` int(11) NOT NULL,
  `participation_id` int(11) NOT NULL,
  `date_check` date NOT NULL,
  `time` text COLLATE utf8_unicode_ci NOT NULL,
  `status` int(1) NOT NULL DEFAULT '0'
) ENGINE=InnoDB DEFAULT CHARSET=utf8 COLLATE=utf8_unicode_ci;

--
-- Dumping data for table `rank_checks`
--

INSERT INTO `rank_checks` (`id`, `activity_details_id`, `participation_id`, `date_check`, `time`, `status`) VALUES
(2831, 11, 669, '2019-04-18', 'เช้า', 1),
(2832, 11, 669, '2019-04-18', 'บ่าย', 1),
(2833, 11, 669, '2019-04-19', 'เช้า', 1),
(2834, 11, 669, '2019-04-19', 'บ่าย', 1),
(2835, 11, 669, '2019-04-20', 'เช้า', 1),
(2836, 11, 669, '2019-04-20', 'บ่าย', 1),
(2837, 11, 669, '2019-04-21', 'เช้า', 1),
(2838, 11, 669, '2019-04-21', 'บ่าย', 1),
(2839, 11, 669, '2019-04-22', 'เช้า', 1),
(2840, 11, 669, '2019-04-22', 'บ่าย', 1),
(2841, 11, 669, '2019-04-23', 'เช้า', 1),
(2842, 11, 669, '2019-04-23', 'บ่าย', 1),
(2843, 11, 669, '2019-04-24', 'เช้า', 1),
(2844, 11, 669, '2019-04-24', 'บ่าย', 1),
(2845, 11, 669, '2019-04-25', 'เช้า', 1),
(2846, 11, 669, '2019-04-25', 'บ่าย', 1),
(2847, 11, 669, '2019-04-26', 'เช้า', 1),
(2848, 11, 669, '2019-04-26', 'บ่าย', 1),
(2849, 11, 669, '2019-04-27', 'เช้า', 1),
(2850, 11, 669, '2019-04-27', 'บ่าย', 1),
(2851, 11, 670, '2019-04-18', 'เช้า', 1),
(2852, 11, 670, '2019-04-18', 'บ่าย', 1),
(2853, 11, 670, '2019-04-19', 'เช้า', 1),
(2854, 11, 670, '2019-04-19', 'บ่าย', 1),
(2855, 11, 670, '2019-04-20', 'เช้า', 1),
(2856, 11, 670, '2019-04-20', 'บ่าย', 1),
(2857, 11, 670, '2019-04-21', 'เช้า', 1),
(2858, 11, 670, '2019-04-21', 'บ่าย', 1),
(2859, 11, 670, '2019-04-22', 'เช้า', 1),
(2860, 11, 670, '2019-04-22', 'บ่าย', 1),
(2861, 11, 670, '2019-04-23', 'เช้า', 1),
(2862, 11, 670, '2019-04-23', 'บ่าย', 1),
(2863, 11, 670, '2019-04-24', 'เช้า', 1),
(2864, 11, 670, '2019-04-24', 'บ่าย', 1),
(2865, 11, 670, '2019-04-25', 'เช้า', 1),
(2866, 11, 670, '2019-04-25', 'บ่าย', 1),
(2867, 11, 670, '2019-04-26', 'เช้า', 1),
(2868, 11, 670, '2019-04-26', 'บ่าย', 1),
(2869, 11, 670, '2019-04-27', 'เช้า', 1),
(2870, 11, 670, '2019-04-27', 'บ่าย', 1),
(2871, 11, 671, '2019-04-18', 'เช้า', 1),
(2872, 11, 671, '2019-04-18', 'บ่าย', 1),
(2873, 11, 671, '2019-04-19', 'เช้า', 1),
(2874, 11, 671, '2019-04-19', 'บ่าย', 1),
(2875, 11, 671, '2019-04-20', 'เช้า', 1),
(2876, 11, 671, '2019-04-20', 'บ่าย', 1),
(2877, 11, 671, '2019-04-21', 'เช้า', 1),
(2878, 11, 671, '2019-04-21', 'บ่าย', 1),
(2879, 11, 671, '2019-04-22', 'เช้า', 1),
(2880, 11, 671, '2019-04-22', 'บ่าย', 1),
(2881, 11, 671, '2019-04-23', 'เช้า', 1),
(2882, 11, 671, '2019-04-23', 'บ่าย', 1),
(2883, 11, 671, '2019-04-24', 'เช้า', 1),
(2884, 11, 671, '2019-04-24', 'บ่าย', 1),
(2885, 11, 671, '2019-04-25', 'เช้า', 1),
(2886, 11, 671, '2019-04-25', 'บ่าย', 1),
(2887, 11, 671, '2019-04-26', 'เช้า', 1),
(2888, 11, 671, '2019-04-26', 'บ่าย', 1),
(2889, 11, 671, '2019-04-27', 'เช้า', 1),
(2890, 11, 671, '2019-04-27', 'บ่าย', 1),
(2891, 11, 672, '2019-04-18', 'เช้า', 1),
(2892, 11, 672, '2019-04-18', 'บ่าย', 1),
(2893, 11, 672, '2019-04-19', 'เช้า', 1),
(2894, 11, 672, '2019-04-19', 'บ่าย', 1),
(2895, 11, 672, '2019-04-20', 'เช้า', 1),
(2896, 11, 672, '2019-04-20', 'บ่าย', 1),
(2897, 11, 672, '2019-04-21', 'เช้า', 1),
(2898, 11, 672, '2019-04-21', 'บ่าย', 1),
(2899, 11, 672, '2019-04-22', 'เช้า', 1),
(2900, 11, 672, '2019-04-22', 'บ่าย', 1),
(2901, 11, 672, '2019-04-23', 'เช้า', 1),
(2902, 11, 672, '2019-04-23', 'บ่าย', 1),
(2903, 11, 672, '2019-04-24', 'เช้า', 1),
(2904, 11, 672, '2019-04-24', 'บ่าย', 1),
(2905, 11, 672, '2019-04-25', 'เช้า', 1),
(2906, 11, 672, '2019-04-25', 'บ่าย', 1),
(2907, 11, 672, '2019-04-26', 'เช้า', 1),
(2908, 11, 672, '2019-04-26', 'บ่าย', 1),
(2909, 11, 672, '2019-04-27', 'เช้า', 1),
(2910, 11, 672, '2019-04-27', 'บ่าย', 1),
(2911, 11, 673, '2019-04-18', 'เช้า', 1),
(2912, 11, 673, '2019-04-18', 'บ่าย', 1),
(2913, 11, 673, '2019-04-19', 'เช้า', 1),
(2914, 11, 673, '2019-04-19', 'บ่าย', 1),
(2915, 11, 673, '2019-04-20', 'เช้า', 1),
(2916, 11, 673, '2019-04-20', 'บ่าย', 1),
(2917, 11, 673, '2019-04-21', 'เช้า', 1),
(2918, 11, 673, '2019-04-21', 'บ่าย', 1),
(2919, 11, 673, '2019-04-22', 'เช้า', 1),
(2920, 11, 673, '2019-04-22', 'บ่าย', 1),
(2921, 11, 673, '2019-04-23', 'เช้า', 1),
(2922, 11, 673, '2019-04-23', 'บ่าย', 1),
(2923, 11, 673, '2019-04-24', 'เช้า', 1),
(2924, 11, 673, '2019-04-24', 'บ่าย', 1),
(2925, 11, 673, '2019-04-25', 'เช้า', 1),
(2926, 11, 673, '2019-04-25', 'บ่าย', 1),
(2927, 11, 673, '2019-04-26', 'เช้า', 1),
(2928, 11, 673, '2019-04-26', 'บ่าย', 1),
(2929, 11, 673, '2019-04-27', 'เช้า', 1),
(2930, 11, 673, '2019-04-27', 'บ่าย', 1),
(2931, 11, 674, '2019-04-18', 'เช้า', 1),
(2932, 11, 674, '2019-04-18', 'บ่าย', 1),
(2933, 11, 674, '2019-04-19', 'เช้า', 1),
(2934, 11, 674, '2019-04-19', 'บ่าย', 1),
(2935, 11, 674, '2019-04-20', 'เช้า', 1),
(2936, 11, 674, '2019-04-20', 'บ่าย', 1),
(2937, 11, 674, '2019-04-21', 'เช้า', 1),
(2938, 11, 674, '2019-04-21', 'บ่าย', 1),
(2939, 11, 674, '2019-04-22', 'เช้า', 1),
(2940, 11, 674, '2019-04-22', 'บ่าย', 1),
(2941, 11, 674, '2019-04-23', 'เช้า', 1),
(2942, 11, 674, '2019-04-23', 'บ่าย', 1),
(2943, 11, 674, '2019-04-24', 'เช้า', 1),
(2944, 11, 674, '2019-04-24', 'บ่าย', 1),
(2945, 11, 674, '2019-04-25', 'เช้า', 1),
(2946, 11, 674, '2019-04-25', 'บ่าย', 1),
(2947, 11, 674, '2019-04-26', 'เช้า', 1),
(2948, 11, 674, '2019-04-26', 'บ่าย', 1),
(2949, 11, 674, '2019-04-27', 'เช้า', 1),
(2950, 11, 674, '2019-04-27', 'บ่าย', 1),
(2951, 11, 675, '2019-04-18', 'เช้า', 1),
(2952, 11, 675, '2019-04-18', 'บ่าย', 1),
(2953, 11, 675, '2019-04-19', 'เช้า', 1),
(2954, 11, 675, '2019-04-19', 'บ่าย', 1),
(2955, 11, 675, '2019-04-20', 'เช้า', 1),
(2956, 11, 675, '2019-04-20', 'บ่าย', 1),
(2957, 11, 675, '2019-04-21', 'เช้า', 1),
(2958, 11, 675, '2019-04-21', 'บ่าย', 1),
(2959, 11, 675, '2019-04-22', 'เช้า', 1),
(2960, 11, 675, '2019-04-22', 'บ่าย', 1),
(2961, 11, 675, '2019-04-23', 'เช้า', 1),
(2962, 11, 675, '2019-04-23', 'บ่าย', 1),
(2963, 11, 675, '2019-04-24', 'เช้า', 1),
(2964, 11, 675, '2019-04-24', 'บ่าย', 1),
(2965, 11, 675, '2019-04-25', 'เช้า', 1),
(2966, 11, 675, '2019-04-25', 'บ่าย', 1),
(2967, 11, 675, '2019-04-26', 'เช้า', 1),
(2968, 11, 675, '2019-04-26', 'บ่าย', 1),
(2969, 11, 675, '2019-04-27', 'เช้า', 1),
(2970, 11, 675, '2019-04-27', 'บ่าย', 1),
(2971, 11, 676, '2019-04-18', 'เช้า', 1),
(2972, 11, 676, '2019-04-18', 'บ่าย', 1),
(2973, 11, 676, '2019-04-19', 'เช้า', 1),
(2974, 11, 676, '2019-04-19', 'บ่าย', 1),
(2975, 11, 676, '2019-04-20', 'เช้า', 1),
(2976, 11, 676, '2019-04-20', 'บ่าย', 1),
(2977, 11, 676, '2019-04-21', 'เช้า', 1),
(2978, 11, 676, '2019-04-21', 'บ่าย', 1),
(2979, 11, 676, '2019-04-22', 'เช้า', 1),
(2980, 11, 676, '2019-04-22', 'บ่าย', 1),
(2981, 11, 676, '2019-04-23', 'เช้า', 1),
(2982, 11, 676, '2019-04-23', 'บ่าย', 1),
(2983, 11, 676, '2019-04-24', 'เช้า', 1),
(2984, 11, 676, '2019-04-24', 'บ่าย', 1),
(2985, 11, 676, '2019-04-25', 'เช้า', 1),
(2986, 11, 676, '2019-04-25', 'บ่าย', 1),
(2987, 11, 676, '2019-04-26', 'เช้า', 1),
(2988, 11, 676, '2019-04-26', 'บ่าย', 1),
(2989, 11, 676, '2019-04-27', 'เช้า', 1),
(2990, 11, 676, '2019-04-27', 'บ่าย', 1),
(2991, 11, 677, '2019-04-18', 'เช้า', 1),
(2992, 11, 677, '2019-04-18', 'บ่าย', 1),
(2993, 11, 677, '2019-04-19', 'เช้า', 1),
(2994, 11, 677, '2019-04-19', 'บ่าย', 1),
(2995, 11, 677, '2019-04-20', 'เช้า', 1),
(2996, 11, 677, '2019-04-20', 'บ่าย', 1),
(2997, 11, 677, '2019-04-21', 'เช้า', 1),
(2998, 11, 677, '2019-04-21', 'บ่าย', 1),
(2999, 11, 677, '2019-04-22', 'เช้า', 1),
(3000, 11, 677, '2019-04-22', 'บ่าย', 1),
(3001, 11, 677, '2019-04-23', 'เช้า', 1),
(3002, 11, 677, '2019-04-23', 'บ่าย', 1),
(3003, 11, 677, '2019-04-24', 'เช้า', 1),
(3004, 11, 677, '2019-04-24', 'บ่าย', 1),
(3005, 11, 677, '2019-04-25', 'เช้า', 1),
(3006, 11, 677, '2019-04-25', 'บ่าย', 1),
(3007, 11, 677, '2019-04-26', 'เช้า', 1),
(3008, 11, 677, '2019-04-26', 'บ่าย', 1),
(3009, 11, 677, '2019-04-27', 'เช้า', 1),
(3010, 11, 677, '2019-04-27', 'บ่าย', 1),
(3011, 11, 678, '2019-04-18', 'เช้า', 1),
(3012, 11, 678, '2019-04-18', 'บ่าย', 1),
(3013, 11, 678, '2019-04-19', 'เช้า', 1),
(3014, 11, 678, '2019-04-19', 'บ่าย', 1),
(3015, 11, 678, '2019-04-20', 'เช้า', 1),
(3016, 11, 678, '2019-04-20', 'บ่าย', 1),
(3017, 11, 678, '2019-04-21', 'เช้า', 1),
(3018, 11, 678, '2019-04-21', 'บ่าย', 1),
(3019, 11, 678, '2019-04-22', 'เช้า', 1),
(3020, 11, 678, '2019-04-22', 'บ่าย', 1),
(3021, 11, 678, '2019-04-23', 'เช้า', 1),
(3022, 11, 678, '2019-04-23', 'บ่าย', 1),
(3023, 11, 678, '2019-04-24', 'เช้า', 1),
(3024, 11, 678, '2019-04-24', 'บ่าย', 1),
(3025, 11, 678, '2019-04-25', 'เช้า', 1),
(3026, 11, 678, '2019-04-25', 'บ่าย', 1),
(3027, 11, 678, '2019-04-26', 'เช้า', 1),
(3028, 11, 678, '2019-04-26', 'บ่าย', 1),
(3029, 11, 678, '2019-04-27', 'เช้า', 1),
(3030, 11, 678, '2019-04-27', 'บ่าย', 1),
(3031, 11, 679, '2019-04-18', 'เช้า', 1),
(3032, 11, 679, '2019-04-18', 'บ่าย', 1),
(3033, 11, 679, '2019-04-19', 'เช้า', 1),
(3034, 11, 679, '2019-04-19', 'บ่าย', 1),
(3035, 11, 679, '2019-04-20', 'เช้า', 1),
(3036, 11, 679, '2019-04-20', 'บ่าย', 1),
(3037, 11, 679, '2019-04-21', 'เช้า', 1),
(3038, 11, 679, '2019-04-21', 'บ่าย', 1),
(3039, 11, 679, '2019-04-22', 'เช้า', 1),
(3040, 11, 679, '2019-04-22', 'บ่าย', 1),
(3041, 11, 679, '2019-04-23', 'เช้า', 1),
(3042, 11, 679, '2019-04-23', 'บ่าย', 1),
(3043, 11, 679, '2019-04-24', 'เช้า', 1),
(3044, 11, 679, '2019-04-24', 'บ่าย', 1),
(3045, 11, 679, '2019-04-25', 'เช้า', 1),
(3046, 11, 679, '2019-04-25', 'บ่าย', 1),
(3047, 11, 679, '2019-04-26', 'เช้า', 1),
(3048, 11, 679, '2019-04-26', 'บ่าย', 1),
(3049, 11, 679, '2019-04-27', 'เช้า', 1),
(3050, 11, 679, '2019-04-27', 'บ่าย', 1),
(3051, 11, 680, '2019-04-18', 'เช้า', 1),
(3052, 11, 680, '2019-04-18', 'บ่าย', 1),
(3053, 11, 680, '2019-04-19', 'เช้า', 1),
(3054, 11, 680, '2019-04-19', 'บ่าย', 1),
(3055, 11, 680, '2019-04-20', 'เช้า', 1),
(3056, 11, 680, '2019-04-20', 'บ่าย', 1),
(3057, 11, 680, '2019-04-21', 'เช้า', 1),
(3058, 11, 680, '2019-04-21', 'บ่าย', 1),
(3059, 11, 680, '2019-04-22', 'เช้า', 1),
(3060, 11, 680, '2019-04-22', 'บ่าย', 1),
(3061, 11, 680, '2019-04-23', 'เช้า', 1),
(3062, 11, 680, '2019-04-23', 'บ่าย', 1),
(3063, 11, 680, '2019-04-24', 'เช้า', 1),
(3064, 11, 680, '2019-04-24', 'บ่าย', 1),
(3065, 11, 680, '2019-04-25', 'เช้า', 1),
(3066, 11, 680, '2019-04-25', 'บ่าย', 1),
(3067, 11, 680, '2019-04-26', 'เช้า', 1),
(3068, 11, 680, '2019-04-26', 'บ่าย', 1),
(3069, 11, 680, '2019-04-27', 'เช้า', 1),
(3070, 11, 680, '2019-04-27', 'บ่าย', 1),
(3071, 11, 681, '2019-04-18', 'เช้า', 1),
(3072, 11, 681, '2019-04-18', 'บ่าย', 1),
(3073, 11, 681, '2019-04-19', 'เช้า', 1),
(3074, 11, 681, '2019-04-19', 'บ่าย', 1),
(3075, 11, 681, '2019-04-20', 'เช้า', 1),
(3076, 11, 681, '2019-04-20', 'บ่าย', 1),
(3077, 11, 681, '2019-04-21', 'เช้า', 1),
(3078, 11, 681, '2019-04-21', 'บ่าย', 1),
(3079, 11, 681, '2019-04-22', 'เช้า', 1),
(3080, 11, 681, '2019-04-22', 'บ่าย', 1),
(3081, 11, 681, '2019-04-23', 'เช้า', 1),
(3082, 11, 681, '2019-04-23', 'บ่าย', 1),
(3083, 11, 681, '2019-04-24', 'เช้า', 1),
(3084, 11, 681, '2019-04-24', 'บ่าย', 1),
(3085, 11, 681, '2019-04-25', 'เช้า', 1),
(3086, 11, 681, '2019-04-25', 'บ่าย', 1),
(3087, 11, 681, '2019-04-26', 'เช้า', 1),
(3088, 11, 681, '2019-04-26', 'บ่าย', 1),
(3089, 11, 681, '2019-04-27', 'เช้า', 1),
(3090, 11, 681, '2019-04-27', 'บ่าย', 1),
(3091, 11, 682, '2019-04-18', 'เช้า', 1),
(3092, 11, 682, '2019-04-18', 'บ่าย', 1),
(3093, 11, 682, '2019-04-19', 'เช้า', 1),
(3094, 11, 682, '2019-04-19', 'บ่าย', 1),
(3095, 11, 682, '2019-04-20', 'เช้า', 1),
(3096, 11, 682, '2019-04-20', 'บ่าย', 1),
(3097, 11, 682, '2019-04-21', 'เช้า', 1),
(3098, 11, 682, '2019-04-21', 'บ่าย', 1),
(3099, 11, 682, '2019-04-22', 'เช้า', 1),
(3100, 11, 682, '2019-04-22', 'บ่าย', 1),
(3101, 11, 682, '2019-04-23', 'เช้า', 1),
(3102, 11, 682, '2019-04-23', 'บ่าย', 1),
(3103, 11, 682, '2019-04-24', 'เช้า', 1),
(3104, 11, 682, '2019-04-24', 'บ่าย', 1),
(3105, 11, 682, '2019-04-25', 'เช้า', 1),
(3106, 11, 682, '2019-04-25', 'บ่าย', 1),
(3107, 11, 682, '2019-04-26', 'เช้า', 1),
(3108, 11, 682, '2019-04-26', 'บ่าย', 1),
(3109, 11, 682, '2019-04-27', 'เช้า', 1),
(3110, 11, 682, '2019-04-27', 'บ่าย', 1),
(3111, 11, 683, '2019-04-18', 'เช้า', 1),
(3112, 11, 683, '2019-04-18', 'บ่าย', 1),
(3113, 11, 683, '2019-04-19', 'เช้า', 1),
(3114, 11, 683, '2019-04-19', 'บ่าย', 1),
(3115, 11, 683, '2019-04-20', 'เช้า', 1),
(3116, 11, 683, '2019-04-20', 'บ่าย', 1),
(3117, 11, 683, '2019-04-21', 'เช้า', 1),
(3118, 11, 683, '2019-04-21', 'บ่าย', 1),
(3119, 11, 683, '2019-04-22', 'เช้า', 1),
(3120, 11, 683, '2019-04-22', 'บ่าย', 1),
(3121, 11, 683, '2019-04-23', 'เช้า', 1),
(3122, 11, 683, '2019-04-23', 'บ่าย', 1),
(3123, 11, 683, '2019-04-24', 'เช้า', 1),
(3124, 11, 683, '2019-04-24', 'บ่าย', 1),
(3125, 11, 683, '2019-04-25', 'เช้า', 1),
(3126, 11, 683, '2019-04-25', 'บ่าย', 1),
(3127, 11, 683, '2019-04-26', 'เช้า', 1),
(3128, 11, 683, '2019-04-26', 'บ่าย', 1),
(3129, 11, 683, '2019-04-27', 'เช้า', 1),
(3130, 11, 683, '2019-04-27', 'บ่าย', 1),
(3131, 11, 684, '2019-04-18', 'เช้า', 1),
(3132, 11, 684, '2019-04-18', 'บ่าย', 1),
(3133, 11, 684, '2019-04-19', 'เช้า', 1),
(3134, 11, 684, '2019-04-19', 'บ่าย', 1),
(3135, 11, 684, '2019-04-20', 'เช้า', 1),
(3136, 11, 684, '2019-04-20', 'บ่าย', 1),
(3137, 11, 684, '2019-04-21', 'เช้า', 1),
(3138, 11, 684, '2019-04-21', 'บ่าย', 1),
(3139, 11, 684, '2019-04-22', 'เช้า', 1),
(3140, 11, 684, '2019-04-22', 'บ่าย', 1),
(3141, 11, 684, '2019-04-23', 'เช้า', 1),
(3142, 11, 684, '2019-04-23', 'บ่าย', 1),
(3143, 11, 684, '2019-04-24', 'เช้า', 1),
(3144, 11, 684, '2019-04-24', 'บ่าย', 1),
(3145, 11, 684, '2019-04-25', 'เช้า', 1),
(3146, 11, 684, '2019-04-25', 'บ่าย', 1),
(3147, 11, 684, '2019-04-26', 'เช้า', 1),
(3148, 11, 684, '2019-04-26', 'บ่าย', 1),
(3149, 11, 684, '2019-04-27', 'เช้า', 1),
(3150, 11, 684, '2019-04-27', 'บ่าย', 1),
(3151, 11, 685, '2019-04-18', 'เช้า', 1),
(3152, 11, 685, '2019-04-18', 'บ่าย', 1),
(3153, 11, 685, '2019-04-19', 'เช้า', 1),
(3154, 11, 685, '2019-04-19', 'บ่าย', 1),
(3155, 11, 685, '2019-04-20', 'เช้า', 1),
(3156, 11, 685, '2019-04-20', 'บ่าย', 1),
(3157, 11, 685, '2019-04-21', 'เช้า', 1),
(3158, 11, 685, '2019-04-21', 'บ่าย', 1),
(3159, 11, 685, '2019-04-22', 'เช้า', 1),
(3160, 11, 685, '2019-04-22', 'บ่าย', 1),
(3161, 11, 685, '2019-04-23', 'เช้า', 1),
(3162, 11, 685, '2019-04-23', 'บ่าย', 1),
(3163, 11, 685, '2019-04-24', 'เช้า', 1),
(3164, 11, 685, '2019-04-24', 'บ่าย', 1),
(3165, 11, 685, '2019-04-25', 'เช้า', 1),
(3166, 11, 685, '2019-04-25', 'บ่าย', 1),
(3167, 11, 685, '2019-04-26', 'เช้า', 1),
(3168, 11, 685, '2019-04-26', 'บ่าย', 1),
(3169, 11, 685, '2019-04-27', 'เช้า', 1),
(3170, 11, 685, '2019-04-27', 'บ่าย', 1),
(3171, 11, 686, '2019-04-18', 'เช้า', 1),
(3172, 11, 686, '2019-04-18', 'บ่าย', 1),
(3173, 11, 686, '2019-04-19', 'เช้า', 1),
(3174, 11, 686, '2019-04-19', 'บ่าย', 1),
(3175, 11, 686, '2019-04-20', 'เช้า', 1),
(3176, 11, 686, '2019-04-20', 'บ่าย', 1),
(3177, 11, 686, '2019-04-21', 'เช้า', 1),
(3178, 11, 686, '2019-04-21', 'บ่าย', 1),
(3179, 11, 686, '2019-04-22', 'เช้า', 1),
(3180, 11, 686, '2019-04-22', 'บ่าย', 1),
(3181, 11, 686, '2019-04-23', 'เช้า', 1),
(3182, 11, 686, '2019-04-23', 'บ่าย', 1),
(3183, 11, 686, '2019-04-24', 'เช้า', 1),
(3184, 11, 686, '2019-04-24', 'บ่าย', 1),
(3185, 11, 686, '2019-04-25', 'เช้า', 1),
(3186, 11, 686, '2019-04-25', 'บ่าย', 1),
(3187, 11, 686, '2019-04-26', 'เช้า', 1),
(3188, 11, 686, '2019-04-26', 'บ่าย', 1),
(3189, 11, 686, '2019-04-27', 'เช้า', 1),
(3190, 11, 686, '2019-04-27', 'บ่าย', 1),
(3191, 11, 687, '2019-04-18', 'เช้า', 1),
(3192, 11, 687, '2019-04-18', 'บ่าย', 1),
(3193, 11, 687, '2019-04-19', 'เช้า', 1),
(3194, 11, 687, '2019-04-19', 'บ่าย', 1),
(3195, 11, 687, '2019-04-20', 'เช้า', 1),
(3196, 11, 687, '2019-04-20', 'บ่าย', 1),
(3197, 11, 687, '2019-04-21', 'เช้า', 1),
(3198, 11, 687, '2019-04-21', 'บ่าย', 1),
(3199, 11, 687, '2019-04-22', 'เช้า', 1),
(3200, 11, 687, '2019-04-22', 'บ่าย', 1),
(3201, 11, 687, '2019-04-23', 'เช้า', 1),
(3202, 11, 687, '2019-04-23', 'บ่าย', 1),
(3203, 11, 687, '2019-04-24', 'เช้า', 1),
(3204, 11, 687, '2019-04-24', 'บ่าย', 1),
(3205, 11, 687, '2019-04-25', 'เช้า', 1),
(3206, 11, 687, '2019-04-25', 'บ่าย', 1),
(3207, 11, 687, '2019-04-26', 'เช้า', 1),
(3208, 11, 687, '2019-04-26', 'บ่าย', 1),
(3209, 11, 687, '2019-04-27', 'เช้า', 1),
(3210, 11, 687, '2019-04-27', 'บ่าย', 1),
(3211, 11, 688, '2019-04-18', 'เช้า', 1),
(3212, 11, 688, '2019-04-18', 'บ่าย', 1),
(3213, 11, 688, '2019-04-19', 'เช้า', 1),
(3214, 11, 688, '2019-04-19', 'บ่าย', 1),
(3215, 11, 688, '2019-04-20', 'เช้า', 1),
(3216, 11, 688, '2019-04-20', 'บ่าย', 1),
(3217, 11, 688, '2019-04-21', 'เช้า', 1),
(3218, 11, 688, '2019-04-21', 'บ่าย', 1),
(3219, 11, 688, '2019-04-22', 'เช้า', 1),
(3220, 11, 688, '2019-04-22', 'บ่าย', 1),
(3221, 11, 688, '2019-04-23', 'เช้า', 1),
(3222, 11, 688, '2019-04-23', 'บ่าย', 1),
(3223, 11, 688, '2019-04-24', 'เช้า', 1),
(3224, 11, 688, '2019-04-24', 'บ่าย', 1),
(3225, 11, 688, '2019-04-25', 'เช้า', 1),
(3226, 11, 688, '2019-04-25', 'บ่าย', 1),
(3227, 11, 688, '2019-04-26', 'เช้า', 1),
(3228, 11, 688, '2019-04-26', 'บ่าย', 1),
(3229, 11, 688, '2019-04-27', 'เช้า', 1),
(3230, 11, 688, '2019-04-27', 'บ่าย', 1),
(3231, 11, 689, '2019-04-18', 'เช้า', 1),
(3232, 11, 689, '2019-04-18', 'บ่าย', 1),
(3233, 11, 689, '2019-04-19', 'เช้า', 1),
(3234, 11, 689, '2019-04-19', 'บ่าย', 1),
(3235, 11, 689, '2019-04-20', 'เช้า', 1),
(3236, 11, 689, '2019-04-20', 'บ่าย', 1),
(3237, 11, 689, '2019-04-21', 'เช้า', 1),
(3238, 11, 689, '2019-04-21', 'บ่าย', 1),
(3239, 11, 689, '2019-04-22', 'เช้า', 1),
(3240, 11, 689, '2019-04-22', 'บ่าย', 1),
(3241, 11, 689, '2019-04-23', 'เช้า', 1),
(3242, 11, 689, '2019-04-23', 'บ่าย', 1),
(3243, 11, 689, '2019-04-24', 'เช้า', 1),
(3244, 11, 689, '2019-04-24', 'บ่าย', 1),
(3245, 11, 689, '2019-04-25', 'เช้า', 1),
(3246, 11, 689, '2019-04-25', 'บ่าย', 1),
(3247, 11, 689, '2019-04-26', 'เช้า', 1),
(3248, 11, 689, '2019-04-26', 'บ่าย', 1),
(3249, 11, 689, '2019-04-27', 'เช้า', 1),
(3250, 11, 689, '2019-04-27', 'บ่าย', 1),
(3251, 11, 690, '2019-04-18', 'เช้า', 1),
(3252, 11, 690, '2019-04-18', 'บ่าย', 1),
(3253, 11, 690, '2019-04-19', 'เช้า', 1),
(3254, 11, 690, '2019-04-19', 'บ่าย', 1),
(3255, 11, 690, '2019-04-20', 'เช้า', 1),
(3256, 11, 690, '2019-04-20', 'บ่าย', 1),
(3257, 11, 690, '2019-04-21', 'เช้า', 1),
(3258, 11, 690, '2019-04-21', 'บ่าย', 1),
(3259, 11, 690, '2019-04-22', 'เช้า', 1),
(3260, 11, 690, '2019-04-22', 'บ่าย', 1),
(3261, 11, 690, '2019-04-23', 'เช้า', 1),
(3262, 11, 690, '2019-04-23', 'บ่าย', 1),
(3263, 11, 690, '2019-04-24', 'เช้า', 1),
(3264, 11, 690, '2019-04-24', 'บ่าย', 1),
(3265, 11, 690, '2019-04-25', 'เช้า', 1),
(3266, 11, 690, '2019-04-25', 'บ่าย', 1),
(3267, 11, 690, '2019-04-26', 'เช้า', 1),
(3268, 11, 690, '2019-04-26', 'บ่าย', 1),
(3269, 11, 690, '2019-04-27', 'เช้า', 1),
(3270, 11, 690, '2019-04-27', 'บ่าย', 1),
(3271, 11, 691, '2019-04-18', 'เช้า', 1),
(3272, 11, 691, '2019-04-18', 'บ่าย', 1),
(3273, 11, 691, '2019-04-19', 'เช้า', 1),
(3274, 11, 691, '2019-04-19', 'บ่าย', 1),
(3275, 11, 691, '2019-04-20', 'เช้า', 1),
(3276, 11, 691, '2019-04-20', 'บ่าย', 1),
(3277, 11, 691, '2019-04-21', 'เช้า', 1),
(3278, 11, 691, '2019-04-21', 'บ่าย', 1),
(3279, 11, 691, '2019-04-22', 'เช้า', 1),
(3280, 11, 691, '2019-04-22', 'บ่าย', 1),
(3281, 11, 691, '2019-04-23', 'เช้า', 1),
(3282, 11, 691, '2019-04-23', 'บ่าย', 1),
(3283, 11, 691, '2019-04-24', 'เช้า', 1),
(3284, 11, 691, '2019-04-24', 'บ่าย', 1),
(3285, 11, 691, '2019-04-25', 'เช้า', 1),
(3286, 11, 691, '2019-04-25', 'บ่าย', 1),
(3287, 11, 691, '2019-04-26', 'เช้า', 1),
(3288, 11, 691, '2019-04-26', 'บ่าย', 1),
(3289, 11, 691, '2019-04-27', 'เช้า', 1),
(3290, 11, 691, '2019-04-27', 'บ่าย', 1),
(3291, 11, 692, '2019-04-18', 'เช้า', 1),
(3292, 11, 692, '2019-04-18', 'บ่าย', 1),
(3293, 11, 692, '2019-04-19', 'เช้า', 1),
(3294, 11, 692, '2019-04-19', 'บ่าย', 1),
(3295, 11, 692, '2019-04-20', 'เช้า', 1),
(3296, 11, 692, '2019-04-20', 'บ่าย', 1),
(3297, 11, 692, '2019-04-21', 'เช้า', 1),
(3298, 11, 692, '2019-04-21', 'บ่าย', 1),
(3299, 11, 692, '2019-04-22', 'เช้า', 1),
(3300, 11, 692, '2019-04-22', 'บ่าย', 1),
(3301, 11, 692, '2019-04-23', 'เช้า', 1),
(3302, 11, 692, '2019-04-23', 'บ่าย', 1),
(3303, 11, 692, '2019-04-24', 'เช้า', 1),
(3304, 11, 692, '2019-04-24', 'บ่าย', 1),
(3305, 11, 692, '2019-04-25', 'เช้า', 1),
(3306, 11, 692, '2019-04-25', 'บ่าย', 1),
(3307, 11, 692, '2019-04-26', 'เช้า', 1),
(3308, 11, 692, '2019-04-26', 'บ่าย', 1),
(3309, 11, 692, '2019-04-27', 'เช้า', 1),
(3310, 11, 692, '2019-04-27', 'บ่าย', 1),
(3311, 11, 693, '2019-04-18', 'เช้า', 1),
(3312, 11, 693, '2019-04-18', 'บ่าย', 1),
(3313, 11, 693, '2019-04-19', 'เช้า', 1),
(3314, 11, 693, '2019-04-19', 'บ่าย', 1),
(3315, 11, 693, '2019-04-20', 'เช้า', 1),
(3316, 11, 693, '2019-04-20', 'บ่าย', 1),
(3317, 11, 693, '2019-04-21', 'เช้า', 1),
(3318, 11, 693, '2019-04-21', 'บ่าย', 1),
(3319, 11, 693, '2019-04-22', 'เช้า', 1),
(3320, 11, 693, '2019-04-22', 'บ่าย', 1),
(3321, 11, 693, '2019-04-23', 'เช้า', 1),
(3322, 11, 693, '2019-04-23', 'บ่าย', 1),
(3323, 11, 693, '2019-04-24', 'เช้า', 1),
(3324, 11, 693, '2019-04-24', 'บ่าย', 1),
(3325, 11, 693, '2019-04-25', 'เช้า', 1),
(3326, 11, 693, '2019-04-25', 'บ่าย', 1),
(3327, 11, 693, '2019-04-26', 'เช้า', 1),
(3328, 11, 693, '2019-04-26', 'บ่าย', 1),
(3329, 11, 693, '2019-04-27', 'เช้า', 1),
(3330, 11, 693, '2019-04-27', 'บ่าย', 1),
(3331, 11, 694, '2019-04-18', 'เช้า', 1),
(3332, 11, 694, '2019-04-18', 'บ่าย', 1),
(3333, 11, 694, '2019-04-19', 'เช้า', 1),
(3334, 11, 694, '2019-04-19', 'บ่าย', 1),
(3335, 11, 694, '2019-04-20', 'เช้า', 1),
(3336, 11, 694, '2019-04-20', 'บ่าย', 1),
(3337, 11, 694, '2019-04-21', 'เช้า', 1),
(3338, 11, 694, '2019-04-21', 'บ่าย', 1),
(3339, 11, 694, '2019-04-22', 'เช้า', 1),
(3340, 11, 694, '2019-04-22', 'บ่าย', 1),
(3341, 11, 694, '2019-04-23', 'เช้า', 1),
(3342, 11, 694, '2019-04-23', 'บ่าย', 1),
(3343, 11, 694, '2019-04-24', 'เช้า', 1),
(3344, 11, 694, '2019-04-24', 'บ่าย', 1),
(3345, 11, 694, '2019-04-25', 'เช้า', 1),
(3346, 11, 694, '2019-04-25', 'บ่าย', 1),
(3347, 11, 694, '2019-04-26', 'เช้า', 1),
(3348, 11, 694, '2019-04-26', 'บ่าย', 1),
(3349, 11, 694, '2019-04-27', 'เช้า', 1),
(3350, 11, 694, '2019-04-27', 'บ่าย', 1),
(3351, 11, 695, '2019-04-18', 'เช้า', 1),
(3352, 11, 695, '2019-04-18', 'บ่าย', 1),
(3353, 11, 695, '2019-04-19', 'เช้า', 1),
(3354, 11, 695, '2019-04-19', 'บ่าย', 1),
(3355, 11, 695, '2019-04-20', 'เช้า', 1),
(3356, 11, 695, '2019-04-20', 'บ่าย', 1),
(3357, 11, 695, '2019-04-21', 'เช้า', 1),
(3358, 11, 695, '2019-04-21', 'บ่าย', 1),
(3359, 11, 695, '2019-04-22', 'เช้า', 1),
(3360, 11, 695, '2019-04-22', 'บ่าย', 1),
(3361, 11, 695, '2019-04-23', 'เช้า', 1),
(3362, 11, 695, '2019-04-23', 'บ่าย', 1),
(3363, 11, 695, '2019-04-24', 'เช้า', 1),
(3364, 11, 695, '2019-04-24', 'บ่าย', 1),
(3365, 11, 695, '2019-04-25', 'เช้า', 1),
(3366, 11, 695, '2019-04-25', 'บ่าย', 1),
(3367, 11, 695, '2019-04-26', 'เช้า', 1),
(3368, 11, 695, '2019-04-26', 'บ่าย', 1),
(3369, 11, 695, '2019-04-27', 'เช้า', 1),
(3370, 11, 695, '2019-04-27', 'บ่าย', 1),
(3371, 11, 696, '2019-04-18', 'เช้า', 1),
(3372, 11, 696, '2019-04-18', 'บ่าย', 1),
(3373, 11, 696, '2019-04-19', 'เช้า', 1),
(3374, 11, 696, '2019-04-19', 'บ่าย', 1),
(3375, 11, 696, '2019-04-20', 'เช้า', 1),
(3376, 11, 696, '2019-04-20', 'บ่าย', 1),
(3377, 11, 696, '2019-04-21', 'เช้า', 1),
(3378, 11, 696, '2019-04-21', 'บ่าย', 1),
(3379, 11, 696, '2019-04-22', 'เช้า', 1),
(3380, 11, 696, '2019-04-22', 'บ่าย', 1),
(3381, 11, 696, '2019-04-23', 'เช้า', 1),
(3382, 11, 696, '2019-04-23', 'บ่าย', 1),
(3383, 11, 696, '2019-04-24', 'เช้า', 1),
(3384, 11, 696, '2019-04-24', 'บ่าย', 1),
(3385, 11, 696, '2019-04-25', 'เช้า', 1),
(3386, 11, 696, '2019-04-25', 'บ่าย', 1),
(3387, 11, 696, '2019-04-26', 'เช้า', 1),
(3388, 11, 696, '2019-04-26', 'บ่าย', 1),
(3389, 11, 696, '2019-04-27', 'เช้า', 1),
(3390, 11, 696, '2019-04-27', 'บ่าย', 1),
(3391, 11, 697, '2019-04-18', 'เช้า', 1),
(3392, 11, 697, '2019-04-18', 'บ่าย', 1),
(3393, 11, 697, '2019-04-19', 'เช้า', 1),
(3394, 11, 697, '2019-04-19', 'บ่าย', 1),
(3395, 11, 697, '2019-04-20', 'เช้า', 1),
(3396, 11, 697, '2019-04-20', 'บ่าย', 1),
(3397, 11, 697, '2019-04-21', 'เช้า', 1),
(3398, 11, 697, '2019-04-21', 'บ่าย', 1),
(3399, 11, 697, '2019-04-22', 'เช้า', 1),
(3400, 11, 697, '2019-04-22', 'บ่าย', 1),
(3401, 11, 697, '2019-04-23', 'เช้า', 1),
(3402, 11, 697, '2019-04-23', 'บ่าย', 1),
(3403, 11, 697, '2019-04-24', 'เช้า', 1),
(3404, 11, 697, '2019-04-24', 'บ่าย', 1),
(3405, 11, 697, '2019-04-25', 'เช้า', 1),
(3406, 11, 697, '2019-04-25', 'บ่าย', 1),
(3407, 11, 697, '2019-04-26', 'เช้า', 1),
(3408, 11, 697, '2019-04-26', 'บ่าย', 1),
(3409, 11, 697, '2019-04-27', 'เช้า', 1),
(3410, 11, 697, '2019-04-27', 'บ่าย', 1),
(3411, 11, 698, '2019-04-18', 'เช้า', 1),
(3412, 11, 698, '2019-04-18', 'บ่าย', 1),
(3413, 11, 698, '2019-04-19', 'เช้า', 1),
(3414, 11, 698, '2019-04-19', 'บ่าย', 1),
(3415, 11, 698, '2019-04-20', 'เช้า', 1),
(3416, 11, 698, '2019-04-20', 'บ่าย', 1),
(3417, 11, 698, '2019-04-21', 'เช้า', 1),
(3418, 11, 698, '2019-04-21', 'บ่าย', 1),
(3419, 11, 698, '2019-04-22', 'เช้า', 1),
(3420, 11, 698, '2019-04-22', 'บ่าย', 1),
(3421, 11, 698, '2019-04-23', 'เช้า', 1),
(3422, 11, 698, '2019-04-23', 'บ่าย', 1),
(3423, 11, 698, '2019-04-24', 'เช้า', 1),
(3424, 11, 698, '2019-04-24', 'บ่าย', 1),
(3425, 11, 698, '2019-04-25', 'เช้า', 1),
(3426, 11, 698, '2019-04-25', 'บ่าย', 1),
(3427, 11, 698, '2019-04-26', 'เช้า', 1),
(3428, 11, 698, '2019-04-26', 'บ่าย', 1),
(3429, 11, 698, '2019-04-27', 'เช้า', 1),
(3430, 11, 698, '2019-04-27', 'บ่าย', 1),
(3431, 11, 699, '2019-04-18', 'เช้า', 1),
(3432, 11, 699, '2019-04-18', 'บ่าย', 1),
(3433, 11, 699, '2019-04-19', 'เช้า', 1),
(3434, 11, 699, '2019-04-19', 'บ่าย', 1),
(3435, 11, 699, '2019-04-20', 'เช้า', 1),
(3436, 11, 699, '2019-04-20', 'บ่าย', 1),
(3437, 11, 699, '2019-04-21', 'เช้า', 1),
(3438, 11, 699, '2019-04-21', 'บ่าย', 1),
(3439, 11, 699, '2019-04-22', 'เช้า', 1),
(3440, 11, 699, '2019-04-22', 'บ่าย', 1),
(3441, 11, 699, '2019-04-23', 'เช้า', 1),
(3442, 11, 699, '2019-04-23', 'บ่าย', 1),
(3443, 11, 699, '2019-04-24', 'เช้า', 1),
(3444, 11, 699, '2019-04-24', 'บ่าย', 1),
(3445, 11, 699, '2019-04-25', 'เช้า', 1),
(3446, 11, 699, '2019-04-25', 'บ่าย', 1),
(3447, 11, 699, '2019-04-26', 'เช้า', 1),
(3448, 11, 699, '2019-04-26', 'บ่าย', 1),
(3449, 11, 699, '2019-04-27', 'เช้า', 1),
(3450, 11, 699, '2019-04-27', 'บ่าย', 1),
(3451, 11, 700, '2019-04-18', 'เช้า', 1),
(3452, 11, 700, '2019-04-18', 'บ่าย', 1),
(3453, 11, 700, '2019-04-19', 'เช้า', 1),
(3454, 11, 700, '2019-04-19', 'บ่าย', 1),
(3455, 11, 700, '2019-04-20', 'เช้า', 1),
(3456, 11, 700, '2019-04-20', 'บ่าย', 1),
(3457, 11, 700, '2019-04-21', 'เช้า', 1),
(3458, 11, 700, '2019-04-21', 'บ่าย', 1),
(3459, 11, 700, '2019-04-22', 'เช้า', 1),
(3460, 11, 700, '2019-04-22', 'บ่าย', 1),
(3461, 11, 700, '2019-04-23', 'เช้า', 1),
(3462, 11, 700, '2019-04-23', 'บ่าย', 1),
(3463, 11, 700, '2019-04-24', 'เช้า', 1),
(3464, 11, 700, '2019-04-24', 'บ่าย', 1),
(3465, 11, 700, '2019-04-25', 'เช้า', 1),
(3466, 11, 700, '2019-04-25', 'บ่าย', 1),
(3467, 11, 700, '2019-04-26', 'เช้า', 1),
(3468, 11, 700, '2019-04-26', 'บ่าย', 1),
(3469, 11, 700, '2019-04-27', 'เช้า', 1),
(3470, 11, 700, '2019-04-27', 'บ่าย', 1),
(3471, 11, 701, '2019-04-18', 'เช้า', 1),
(3472, 11, 701, '2019-04-18', 'บ่าย', 1),
(3473, 11, 701, '2019-04-19', 'เช้า', 1),
(3474, 11, 701, '2019-04-19', 'บ่าย', 1),
(3475, 11, 701, '2019-04-20', 'เช้า', 1),
(3476, 11, 701, '2019-04-20', 'บ่าย', 1),
(3477, 11, 701, '2019-04-21', 'เช้า', 1),
(3478, 11, 701, '2019-04-21', 'บ่าย', 1),
(3479, 11, 701, '2019-04-22', 'เช้า', 1),
(3480, 11, 701, '2019-04-22', 'บ่าย', 1),
(3481, 11, 701, '2019-04-23', 'เช้า', 1),
(3482, 11, 701, '2019-04-23', 'บ่าย', 1),
(3483, 11, 701, '2019-04-24', 'เช้า', 1),
(3484, 11, 701, '2019-04-24', 'บ่าย', 1),
(3485, 11, 701, '2019-04-25', 'เช้า', 1),
(3486, 11, 701, '2019-04-25', 'บ่าย', 1),
(3487, 11, 701, '2019-04-26', 'เช้า', 1),
(3488, 11, 701, '2019-04-26', 'บ่าย', 1),
(3489, 11, 701, '2019-04-27', 'เช้า', 1),
(3490, 11, 701, '2019-04-27', 'บ่าย', 1),
(3491, 11, 702, '2019-04-18', 'เช้า', 1),
(3492, 11, 702, '2019-04-18', 'บ่าย', 1),
(3493, 11, 702, '2019-04-19', 'เช้า', 1),
(3494, 11, 702, '2019-04-19', 'บ่าย', 1),
(3495, 11, 702, '2019-04-20', 'เช้า', 1),
(3496, 11, 702, '2019-04-20', 'บ่าย', 1),
(3497, 11, 702, '2019-04-21', 'เช้า', 1),
(3498, 11, 702, '2019-04-21', 'บ่าย', 1),
(3499, 11, 702, '2019-04-22', 'เช้า', 1),
(3500, 11, 702, '2019-04-22', 'บ่าย', 1),
(3501, 11, 702, '2019-04-23', 'เช้า', 1),
(3502, 11, 702, '2019-04-23', 'บ่าย', 1),
(3503, 11, 702, '2019-04-24', 'เช้า', 1),
(3504, 11, 702, '2019-04-24', 'บ่าย', 1),
(3505, 11, 702, '2019-04-25', 'เช้า', 1),
(3506, 11, 702, '2019-04-25', 'บ่าย', 1),
(3507, 11, 702, '2019-04-26', 'เช้า', 1),
(3508, 11, 702, '2019-04-26', 'บ่าย', 1),
(3509, 11, 702, '2019-04-27', 'เช้า', 1),
(3510, 11, 702, '2019-04-27', 'บ่าย', 1),
(3511, 11, 703, '2019-04-18', 'เช้า', 1),
(3512, 11, 703, '2019-04-18', 'บ่าย', 1),
(3513, 11, 703, '2019-04-19', 'เช้า', 1),
(3514, 11, 703, '2019-04-19', 'บ่าย', 1),
(3515, 11, 703, '2019-04-20', 'เช้า', 1),
(3516, 11, 703, '2019-04-20', 'บ่าย', 1),
(3517, 11, 703, '2019-04-21', 'เช้า', 1),
(3518, 11, 703, '2019-04-21', 'บ่าย', 1),
(3519, 11, 703, '2019-04-22', 'เช้า', 1),
(3520, 11, 703, '2019-04-22', 'บ่าย', 1),
(3521, 11, 703, '2019-04-23', 'เช้า', 1),
(3522, 11, 703, '2019-04-23', 'บ่าย', 1),
(3523, 11, 703, '2019-04-24', 'เช้า', 1),
(3524, 11, 703, '2019-04-24', 'บ่าย', 1),
(3525, 11, 703, '2019-04-25', 'เช้า', 1),
(3526, 11, 703, '2019-04-25', 'บ่าย', 1),
(3527, 11, 703, '2019-04-26', 'เช้า', 1),
(3528, 11, 703, '2019-04-26', 'บ่าย', 1),
(3529, 11, 703, '2019-04-27', 'เช้า', 1),
(3530, 11, 703, '2019-04-27', 'บ่าย', 1),
(3531, 11, 704, '2019-04-18', 'เช้า', 1),
(3532, 11, 704, '2019-04-18', 'บ่าย', 1),
(3533, 11, 704, '2019-04-19', 'เช้า', 1),
(3534, 11, 704, '2019-04-19', 'บ่าย', 1),
(3535, 11, 704, '2019-04-20', 'เช้า', 1),
(3536, 11, 704, '2019-04-20', 'บ่าย', 1),
(3537, 11, 704, '2019-04-21', 'เช้า', 1),
(3538, 11, 704, '2019-04-21', 'บ่าย', 1),
(3539, 11, 704, '2019-04-22', 'เช้า', 1),
(3540, 11, 704, '2019-04-22', 'บ่าย', 1),
(3541, 11, 704, '2019-04-23', 'เช้า', 1),
(3542, 11, 704, '2019-04-23', 'บ่าย', 1),
(3543, 11, 704, '2019-04-24', 'เช้า', 1),
(3544, 11, 704, '2019-04-24', 'บ่าย', 1),
(3545, 11, 704, '2019-04-25', 'เช้า', 1),
(3546, 11, 704, '2019-04-25', 'บ่าย', 1),
(3547, 11, 704, '2019-04-26', 'เช้า', 1),
(3548, 11, 704, '2019-04-26', 'บ่าย', 1),
(3549, 11, 704, '2019-04-27', 'เช้า', 1),
(3550, 11, 704, '2019-04-27', 'บ่าย', 1),
(3551, 11, 705, '2019-04-18', 'เช้า', 1),
(3552, 11, 705, '2019-04-18', 'บ่าย', 1),
(3553, 11, 705, '2019-04-19', 'เช้า', 1),
(3554, 11, 705, '2019-04-19', 'บ่าย', 1),
(3555, 11, 705, '2019-04-20', 'เช้า', 1),
(3556, 11, 705, '2019-04-20', 'บ่าย', 1),
(3557, 11, 705, '2019-04-21', 'เช้า', 1),
(3558, 11, 705, '2019-04-21', 'บ่าย', 1),
(3559, 11, 705, '2019-04-22', 'เช้า', 1),
(3560, 11, 705, '2019-04-22', 'บ่าย', 1),
(3561, 11, 705, '2019-04-23', 'เช้า', 1),
(3562, 11, 705, '2019-04-23', 'บ่าย', 1),
(3563, 11, 705, '2019-04-24', 'เช้า', 1),
(3564, 11, 705, '2019-04-24', 'บ่าย', 1),
(3565, 11, 705, '2019-04-25', 'เช้า', 1),
(3566, 11, 705, '2019-04-25', 'บ่าย', 1),
(3567, 11, 705, '2019-04-26', 'เช้า', 1),
(3568, 11, 705, '2019-04-26', 'บ่าย', 1),
(3569, 11, 705, '2019-04-27', 'เช้า', 1),
(3570, 11, 705, '2019-04-27', 'บ่าย', 1),
(3571, 11, 706, '2019-04-18', 'เช้า', 1),
(3572, 11, 706, '2019-04-18', 'บ่าย', 1),
(3573, 11, 706, '2019-04-19', 'เช้า', 1),
(3574, 11, 706, '2019-04-19', 'บ่าย', 1),
(3575, 11, 706, '2019-04-20', 'เช้า', 1),
(3576, 11, 706, '2019-04-20', 'บ่าย', 1),
(3577, 11, 706, '2019-04-21', 'เช้า', 1),
(3578, 11, 706, '2019-04-21', 'บ่าย', 1),
(3579, 11, 706, '2019-04-22', 'เช้า', 1),
(3580, 11, 706, '2019-04-22', 'บ่าย', 1),
(3581, 11, 706, '2019-04-23', 'เช้า', 1),
(3582, 11, 706, '2019-04-23', 'บ่าย', 1),
(3583, 11, 706, '2019-04-24', 'เช้า', 1),
(3584, 11, 706, '2019-04-24', 'บ่าย', 1),
(3585, 11, 706, '2019-04-25', 'เช้า', 1),
(3586, 11, 706, '2019-04-25', 'บ่าย', 1),
(3587, 11, 706, '2019-04-26', 'เช้า', 1),
(3588, 11, 706, '2019-04-26', 'บ่าย', 1),
(3589, 11, 706, '2019-04-27', 'เช้า', 1),
(3590, 11, 706, '2019-04-27', 'บ่าย', 1),
(3591, 11, 707, '2019-04-18', 'เช้า', 1),
(3592, 11, 707, '2019-04-18', 'บ่าย', 1),
(3593, 11, 707, '2019-04-19', 'เช้า', 1),
(3594, 11, 707, '2019-04-19', 'บ่าย', 1),
(3595, 11, 707, '2019-04-20', 'เช้า', 1),
(3596, 11, 707, '2019-04-20', 'บ่าย', 1),
(3597, 11, 707, '2019-04-21', 'เช้า', 1),
(3598, 11, 707, '2019-04-21', 'บ่าย', 1),
(3599, 11, 707, '2019-04-22', 'เช้า', 1),
(3600, 11, 707, '2019-04-22', 'บ่าย', 1),
(3601, 11, 707, '2019-04-23', 'เช้า', 1),
(3602, 11, 707, '2019-04-23', 'บ่าย', 1),
(3603, 11, 707, '2019-04-24', 'เช้า', 1),
(3604, 11, 707, '2019-04-24', 'บ่าย', 1),
(3605, 11, 707, '2019-04-25', 'เช้า', 1),
(3606, 11, 707, '2019-04-25', 'บ่าย', 1),
(3607, 11, 707, '2019-04-26', 'เช้า', 1),
(3608, 11, 707, '2019-04-26', 'บ่าย', 1),
(3609, 11, 707, '2019-04-27', 'เช้า', 1),
(3610, 11, 707, '2019-04-27', 'บ่าย', 1),
(3611, 11, 708, '2019-04-18', 'เช้า', 1),
(3612, 11, 708, '2019-04-18', 'บ่าย', 1),
(3613, 11, 708, '2019-04-19', 'เช้า', 1),
(3614, 11, 708, '2019-04-19', 'บ่าย', 1),
(3615, 11, 708, '2019-04-20', 'เช้า', 1),
(3616, 11, 708, '2019-04-20', 'บ่าย', 1),
(3617, 11, 708, '2019-04-21', 'เช้า', 1),
(3618, 11, 708, '2019-04-21', 'บ่าย', 1),
(3619, 11, 708, '2019-04-22', 'เช้า', 1),
(3620, 11, 708, '2019-04-22', 'บ่าย', 1),
(3621, 11, 708, '2019-04-23', 'เช้า', 1),
(3622, 11, 708, '2019-04-23', 'บ่าย', 1),
(3623, 11, 708, '2019-04-24', 'เช้า', 1),
(3624, 11, 708, '2019-04-24', 'บ่าย', 1),
(3625, 11, 708, '2019-04-25', 'เช้า', 1),
(3626, 11, 708, '2019-04-25', 'บ่าย', 1),
(3627, 11, 708, '2019-04-26', 'เช้า', 1),
(3628, 11, 708, '2019-04-26', 'บ่าย', 1),
(3629, 11, 708, '2019-04-27', 'เช้า', 1),
(3630, 11, 708, '2019-04-27', 'บ่าย', 1),
(3631, 11, 709, '2019-04-18', 'เช้า', 1),
(3632, 11, 709, '2019-04-18', 'บ่าย', 1),
(3633, 11, 709, '2019-04-19', 'เช้า', 1),
(3634, 11, 709, '2019-04-19', 'บ่าย', 1),
(3635, 11, 709, '2019-04-20', 'เช้า', 1),
(3636, 11, 709, '2019-04-20', 'บ่าย', 1),
(3637, 11, 709, '2019-04-21', 'เช้า', 1),
(3638, 11, 709, '2019-04-21', 'บ่าย', 1),
(3639, 11, 709, '2019-04-22', 'เช้า', 1),
(3640, 11, 709, '2019-04-22', 'บ่าย', 1),
(3641, 11, 709, '2019-04-23', 'เช้า', 1),
(3642, 11, 709, '2019-04-23', 'บ่าย', 1),
(3643, 11, 709, '2019-04-24', 'เช้า', 1),
(3644, 11, 709, '2019-04-24', 'บ่าย', 1),
(3645, 11, 709, '2019-04-25', 'เช้า', 1),
(3646, 11, 709, '2019-04-25', 'บ่าย', 1),
(3647, 11, 709, '2019-04-26', 'เช้า', 1),
(3648, 11, 709, '2019-04-26', 'บ่าย', 1),
(3649, 11, 709, '2019-04-27', 'เช้า', 1),
(3650, 11, 709, '2019-04-27', 'บ่าย', 1),
(3651, 11, 710, '2019-04-18', 'เช้า', 1),
(3652, 11, 710, '2019-04-18', 'บ่าย', 1),
(3653, 11, 710, '2019-04-19', 'เช้า', 1),
(3654, 11, 710, '2019-04-19', 'บ่าย', 1),
(3655, 11, 710, '2019-04-20', 'เช้า', 1),
(3656, 11, 710, '2019-04-20', 'บ่าย', 1),
(3657, 11, 710, '2019-04-21', 'เช้า', 1),
(3658, 11, 710, '2019-04-21', 'บ่าย', 1),
(3659, 11, 710, '2019-04-22', 'เช้า', 1),
(3660, 11, 710, '2019-04-22', 'บ่าย', 1),
(3661, 11, 710, '2019-04-23', 'เช้า', 1),
(3662, 11, 710, '2019-04-23', 'บ่าย', 1),
(3663, 11, 710, '2019-04-24', 'เช้า', 1),
(3664, 11, 710, '2019-04-24', 'บ่าย', 1),
(3665, 11, 710, '2019-04-25', 'เช้า', 1),
(3666, 11, 710, '2019-04-25', 'บ่าย', 1),
(3667, 11, 710, '2019-04-26', 'เช้า', 1),
(3668, 11, 710, '2019-04-26', 'บ่าย', 1),
(3669, 11, 710, '2019-04-27', 'เช้า', 1),
(3670, 11, 710, '2019-04-27', 'บ่าย', 1),
(3671, 11, 711, '2019-04-18', 'เช้า', 1),
(3672, 11, 711, '2019-04-18', 'บ่าย', 1),
(3673, 11, 711, '2019-04-19', 'เช้า', 1),
(3674, 11, 711, '2019-04-19', 'บ่าย', 1),
(3675, 11, 711, '2019-04-20', 'เช้า', 1),
(3676, 11, 711, '2019-04-20', 'บ่าย', 1),
(3677, 11, 711, '2019-04-21', 'เช้า', 1),
(3678, 11, 711, '2019-04-21', 'บ่าย', 1),
(3679, 11, 711, '2019-04-22', 'เช้า', 1),
(3680, 11, 711, '2019-04-22', 'บ่าย', 1),
(3681, 11, 711, '2019-04-23', 'เช้า', 1),
(3682, 11, 711, '2019-04-23', 'บ่าย', 1),
(3683, 11, 711, '2019-04-24', 'เช้า', 1),
(3684, 11, 711, '2019-04-24', 'บ่าย', 1),
(3685, 11, 711, '2019-04-25', 'เช้า', 1),
(3686, 11, 711, '2019-04-25', 'บ่าย', 1),
(3687, 11, 711, '2019-04-26', 'เช้า', 1),
(3688, 11, 711, '2019-04-26', 'บ่าย', 1),
(3689, 11, 711, '2019-04-27', 'เช้า', 1),
(3690, 11, 711, '2019-04-27', 'บ่าย', 1),
(3691, 11, 712, '2019-04-18', 'เช้า', 1),
(3692, 11, 712, '2019-04-18', 'บ่าย', 1),
(3693, 11, 712, '2019-04-19', 'เช้า', 1),
(3694, 11, 712, '2019-04-19', 'บ่าย', 1),
(3695, 11, 712, '2019-04-20', 'เช้า', 1),
(3696, 11, 712, '2019-04-20', 'บ่าย', 1),
(3697, 11, 712, '2019-04-21', 'เช้า', 1),
(3698, 11, 712, '2019-04-21', 'บ่าย', 1),
(3699, 11, 712, '2019-04-22', 'เช้า', 1),
(3700, 11, 712, '2019-04-22', 'บ่าย', 1),
(3701, 11, 712, '2019-04-23', 'เช้า', 1),
(3702, 11, 712, '2019-04-23', 'บ่าย', 1),
(3703, 11, 712, '2019-04-24', 'เช้า', 1),
(3704, 11, 712, '2019-04-24', 'บ่าย', 1),
(3705, 11, 712, '2019-04-25', 'เช้า', 1),
(3706, 11, 712, '2019-04-25', 'บ่าย', 1),
(3707, 11, 712, '2019-04-26', 'เช้า', 1),
(3708, 11, 712, '2019-04-26', 'บ่าย', 1),
(3709, 11, 712, '2019-04-27', 'เช้า', 1),
(3710, 11, 712, '2019-04-27', 'บ่าย', 1),
(3711, 11, 713, '2019-04-18', 'เช้า', 1),
(3712, 11, 713, '2019-04-18', 'บ่าย', 1),
(3713, 11, 713, '2019-04-19', 'เช้า', 1),
(3714, 11, 713, '2019-04-19', 'บ่าย', 1),
(3715, 11, 713, '2019-04-20', 'เช้า', 1),
(3716, 11, 713, '2019-04-20', 'บ่าย', 1),
(3717, 11, 713, '2019-04-21', 'เช้า', 1),
(3718, 11, 713, '2019-04-21', 'บ่าย', 1),
(3719, 11, 713, '2019-04-22', 'เช้า', 1),
(3720, 11, 713, '2019-04-22', 'บ่าย', 1),
(3721, 11, 713, '2019-04-23', 'เช้า', 1),
(3722, 11, 713, '2019-04-23', 'บ่าย', 1),
(3723, 11, 713, '2019-04-24', 'เช้า', 1),
(3724, 11, 713, '2019-04-24', 'บ่าย', 1),
(3725, 11, 713, '2019-04-25', 'เช้า', 1),
(3726, 11, 713, '2019-04-25', 'บ่าย', 1),
(3727, 11, 713, '2019-04-26', 'เช้า', 1),
(3728, 11, 713, '2019-04-26', 'บ่าย', 1),
(3729, 11, 713, '2019-04-27', 'เช้า', 1),
(3730, 11, 713, '2019-04-27', 'บ่าย', 1),
(3731, 11, 714, '2019-04-18', 'เช้า', 1),
(3732, 11, 714, '2019-04-18', 'บ่าย', 1),
(3733, 11, 714, '2019-04-19', 'เช้า', 1),
(3734, 11, 714, '2019-04-19', 'บ่าย', 1),
(3735, 11, 714, '2019-04-20', 'เช้า', 1),
(3736, 11, 714, '2019-04-20', 'บ่าย', 1),
(3737, 11, 714, '2019-04-21', 'เช้า', 1),
(3738, 11, 714, '2019-04-21', 'บ่าย', 1),
(3739, 11, 714, '2019-04-22', 'เช้า', 1),
(3740, 11, 714, '2019-04-22', 'บ่าย', 1),
(3741, 11, 714, '2019-04-23', 'เช้า', 1),
(3742, 11, 714, '2019-04-23', 'บ่าย', 1),
(3743, 11, 714, '2019-04-24', 'เช้า', 1),
(3744, 11, 714, '2019-04-24', 'บ่าย', 1),
(3745, 11, 714, '2019-04-25', 'เช้า', 1),
(3746, 11, 714, '2019-04-25', 'บ่าย', 1),
(3747, 11, 714, '2019-04-26', 'เช้า', 1),
(3748, 11, 714, '2019-04-26', 'บ่าย', 1),
(3749, 11, 714, '2019-04-27', 'เช้า', 1),
(3750, 11, 714, '2019-04-27', 'บ่าย', 1),
(3751, 11, 715, '2019-04-18', 'เช้า', 1),
(3752, 11, 715, '2019-04-18', 'บ่าย', 1),
(3753, 11, 715, '2019-04-19', 'เช้า', 1),
(3754, 11, 715, '2019-04-19', 'บ่าย', 1),
(3755, 11, 715, '2019-04-20', 'เช้า', 1),
(3756, 11, 715, '2019-04-20', 'บ่าย', 1),
(3757, 11, 715, '2019-04-21', 'เช้า', 1),
(3758, 11, 715, '2019-04-21', 'บ่าย', 1),
(3759, 11, 715, '2019-04-22', 'เช้า', 1),
(3760, 11, 715, '2019-04-22', 'บ่าย', 1),
(3761, 11, 715, '2019-04-23', 'เช้า', 1),
(3762, 11, 715, '2019-04-23', 'บ่าย', 1),
(3763, 11, 715, '2019-04-24', 'เช้า', 1),
(3764, 11, 715, '2019-04-24', 'บ่าย', 1),
(3765, 11, 715, '2019-04-25', 'เช้า', 1),
(3766, 11, 715, '2019-04-25', 'บ่าย', 1),
(3767, 11, 715, '2019-04-26', 'เช้า', 1),
(3768, 11, 715, '2019-04-26', 'บ่าย', 1),
(3769, 11, 715, '2019-04-27', 'เช้า', 1),
(3770, 11, 715, '2019-04-27', 'บ่าย', 1),
(3771, 11, 716, '2019-04-18', 'เช้า', 1),
(3772, 11, 716, '2019-04-18', 'บ่าย', 1),
(3773, 11, 716, '2019-04-19', 'เช้า', 1),
(3774, 11, 716, '2019-04-19', 'บ่าย', 1),
(3775, 11, 716, '2019-04-20', 'เช้า', 1),
(3776, 11, 716, '2019-04-20', 'บ่าย', 1),
(3777, 11, 716, '2019-04-21', 'เช้า', 1),
(3778, 11, 716, '2019-04-21', 'บ่าย', 1),
(3779, 11, 716, '2019-04-22', 'เช้า', 1),
(3780, 11, 716, '2019-04-22', 'บ่าย', 1),
(3781, 11, 716, '2019-04-23', 'เช้า', 1),
(3782, 11, 716, '2019-04-23', 'บ่าย', 1),
(3783, 11, 716, '2019-04-24', 'เช้า', 1),
(3784, 11, 716, '2019-04-24', 'บ่าย', 1),
(3785, 11, 716, '2019-04-25', 'เช้า', 1),
(3786, 11, 716, '2019-04-25', 'บ่าย', 1),
(3787, 11, 716, '2019-04-26', 'เช้า', 1),
(3788, 11, 716, '2019-04-26', 'บ่าย', 1),
(3789, 11, 716, '2019-04-27', 'เช้า', 1),
(3790, 11, 716, '2019-04-27', 'บ่าย', 1),
(3791, 11, 717, '2019-04-18', 'เช้า', 1),
(3792, 11, 717, '2019-04-18', 'บ่าย', 1),
(3793, 11, 717, '2019-04-19', 'เช้า', 1),
(3794, 11, 717, '2019-04-19', 'บ่าย', 1),
(3795, 11, 717, '2019-04-20', 'เช้า', 1),
(3796, 11, 717, '2019-04-20', 'บ่าย', 1),
(3797, 11, 717, '2019-04-21', 'เช้า', 1),
(3798, 11, 717, '2019-04-21', 'บ่าย', 1),
(3799, 11, 717, '2019-04-22', 'เช้า', 1),
(3800, 11, 717, '2019-04-22', 'บ่าย', 1),
(3801, 11, 717, '2019-04-23', 'เช้า', 1),
(3802, 11, 717, '2019-04-23', 'บ่าย', 1),
(3803, 11, 717, '2019-04-24', 'เช้า', 1),
(3804, 11, 717, '2019-04-24', 'บ่าย', 1),
(3805, 11, 717, '2019-04-25', 'เช้า', 1),
(3806, 11, 717, '2019-04-25', 'บ่าย', 1),
(3807, 11, 717, '2019-04-26', 'เช้า', 1),
(3808, 11, 717, '2019-04-26', 'บ่าย', 1),
(3809, 11, 717, '2019-04-27', 'เช้า', 1),
(3810, 11, 717, '2019-04-27', 'บ่าย', 1),
(3811, 11, 718, '2019-04-18', 'เช้า', 1),
(3812, 11, 718, '2019-04-18', 'บ่าย', 1),
(3813, 11, 718, '2019-04-19', 'เช้า', 1),
(3814, 11, 718, '2019-04-19', 'บ่าย', 1),
(3815, 11, 718, '2019-04-20', 'เช้า', 1),
(3816, 11, 718, '2019-04-20', 'บ่าย', 1),
(3817, 11, 718, '2019-04-21', 'เช้า', 1),
(3818, 11, 718, '2019-04-21', 'บ่าย', 1),
(3819, 11, 718, '2019-04-22', 'เช้า', 1),
(3820, 11, 718, '2019-04-22', 'บ่าย', 1),
(3821, 11, 718, '2019-04-23', 'เช้า', 1),
(3822, 11, 718, '2019-04-23', 'บ่าย', 1),
(3823, 11, 718, '2019-04-24', 'เช้า', 1),
(3824, 11, 718, '2019-04-24', 'บ่าย', 1),
(3825, 11, 718, '2019-04-25', 'เช้า', 1),
(3826, 11, 718, '2019-04-25', 'บ่าย', 1),
(3827, 11, 718, '2019-04-26', 'เช้า', 1),
(3828, 11, 718, '2019-04-26', 'บ่าย', 1),
(3829, 11, 718, '2019-04-27', 'เช้า', 1),
(3830, 11, 718, '2019-04-27', 'บ่าย', 1),
(3831, 11, 719, '2019-04-18', 'เช้า', 1),
(3832, 11, 719, '2019-04-18', 'บ่าย', 1),
(3833, 11, 719, '2019-04-19', 'เช้า', 1),
(3834, 11, 719, '2019-04-19', 'บ่าย', 1),
(3835, 11, 719, '2019-04-20', 'เช้า', 1),
(3836, 11, 719, '2019-04-20', 'บ่าย', 1),
(3837, 11, 719, '2019-04-21', 'เช้า', 1),
(3838, 11, 719, '2019-04-21', 'บ่าย', 1),
(3839, 11, 719, '2019-04-22', 'เช้า', 1),
(3840, 11, 719, '2019-04-22', 'บ่าย', 1),
(3841, 11, 719, '2019-04-23', 'เช้า', 1),
(3842, 11, 719, '2019-04-23', 'บ่าย', 1),
(3843, 11, 719, '2019-04-24', 'เช้า', 1),
(3844, 11, 719, '2019-04-24', 'บ่าย', 1),
(3845, 11, 719, '2019-04-25', 'เช้า', 1),
(3846, 11, 719, '2019-04-25', 'บ่าย', 1),
(3847, 11, 719, '2019-04-26', 'เช้า', 1),
(3848, 11, 719, '2019-04-26', 'บ่าย', 1),
(3849, 11, 719, '2019-04-27', 'เช้า', 1),
(3850, 11, 719, '2019-04-27', 'บ่าย', 1),
(3851, 11, 720, '2019-04-18', 'เช้า', 1),
(3852, 11, 720, '2019-04-18', 'บ่าย', 1),
(3853, 11, 720, '2019-04-19', 'เช้า', 1),
(3854, 11, 720, '2019-04-19', 'บ่าย', 1),
(3855, 11, 720, '2019-04-20', 'เช้า', 1),
(3856, 11, 720, '2019-04-20', 'บ่าย', 1),
(3857, 11, 720, '2019-04-21', 'เช้า', 1),
(3858, 11, 720, '2019-04-21', 'บ่าย', 1),
(3859, 11, 720, '2019-04-22', 'เช้า', 1),
(3860, 11, 720, '2019-04-22', 'บ่าย', 1),
(3861, 11, 720, '2019-04-23', 'เช้า', 1),
(3862, 11, 720, '2019-04-23', 'บ่าย', 1),
(3863, 11, 720, '2019-04-24', 'เช้า', 1),
(3864, 11, 720, '2019-04-24', 'บ่าย', 1),
(3865, 11, 720, '2019-04-25', 'เช้า', 1),
(3866, 11, 720, '2019-04-25', 'บ่าย', 1),
(3867, 11, 720, '2019-04-26', 'เช้า', 1),
(3868, 11, 720, '2019-04-26', 'บ่าย', 1),
(3869, 11, 720, '2019-04-27', 'เช้า', 1),
(3870, 11, 720, '2019-04-27', 'บ่าย', 1),
(3871, 11, 721, '2019-04-18', 'เช้า', 1),
(3872, 11, 721, '2019-04-18', 'บ่าย', 1),
(3873, 11, 721, '2019-04-19', 'เช้า', 1),
(3874, 11, 721, '2019-04-19', 'บ่าย', 1),
(3875, 11, 721, '2019-04-20', 'เช้า', 1),
(3876, 11, 721, '2019-04-20', 'บ่าย', 1),
(3877, 11, 721, '2019-04-21', 'เช้า', 1),
(3878, 11, 721, '2019-04-21', 'บ่าย', 1),
(3879, 11, 721, '2019-04-22', 'เช้า', 1),
(3880, 11, 721, '2019-04-22', 'บ่าย', 1),
(3881, 11, 721, '2019-04-23', 'เช้า', 1),
(3882, 11, 721, '2019-04-23', 'บ่าย', 1),
(3883, 11, 721, '2019-04-24', 'เช้า', 1),
(3884, 11, 721, '2019-04-24', 'บ่าย', 1),
(3885, 11, 721, '2019-04-25', 'เช้า', 1),
(3886, 11, 721, '2019-04-25', 'บ่าย', 1),
(3887, 11, 721, '2019-04-26', 'เช้า', 1),
(3888, 11, 721, '2019-04-26', 'บ่าย', 1),
(3889, 11, 721, '2019-04-27', 'เช้า', 1),
(3890, 11, 721, '2019-04-27', 'บ่าย', 1),
(3891, 11, 722, '2019-04-18', 'เช้า', 1),
(3892, 11, 722, '2019-04-18', 'บ่าย', 1),
(3893, 11, 722, '2019-04-19', 'เช้า', 1),
(3894, 11, 722, '2019-04-19', 'บ่าย', 1),
(3895, 11, 722, '2019-04-20', 'เช้า', 1),
(3896, 11, 722, '2019-04-20', 'บ่าย', 1),
(3897, 11, 722, '2019-04-21', 'เช้า', 1),
(3898, 11, 722, '2019-04-21', 'บ่าย', 1),
(3899, 11, 722, '2019-04-22', 'เช้า', 1),
(3900, 11, 722, '2019-04-22', 'บ่าย', 1),
(3901, 11, 722, '2019-04-23', 'เช้า', 1),
(3902, 11, 722, '2019-04-23', 'บ่าย', 1),
(3903, 11, 722, '2019-04-24', 'เช้า', 1),
(3904, 11, 722, '2019-04-24', 'บ่าย', 1),
(3905, 11, 722, '2019-04-25', 'เช้า', 1),
(3906, 11, 722, '2019-04-25', 'บ่าย', 1),
(3907, 11, 722, '2019-04-26', 'เช้า', 1),
(3908, 11, 722, '2019-04-26', 'บ่าย', 1),
(3909, 11, 722, '2019-04-27', 'เช้า', 1),
(3910, 11, 722, '2019-04-27', 'บ่าย', 1),
(3911, 11, 723, '2019-04-18', 'เช้า', 1),
(3912, 11, 723, '2019-04-18', 'บ่าย', 1),
(3913, 11, 723, '2019-04-19', 'เช้า', 1),
(3914, 11, 723, '2019-04-19', 'บ่าย', 1),
(3915, 11, 723, '2019-04-20', 'เช้า', 1),
(3916, 11, 723, '2019-04-20', 'บ่าย', 1),
(3917, 11, 723, '2019-04-21', 'เช้า', 1),
(3918, 11, 723, '2019-04-21', 'บ่าย', 1),
(3919, 11, 723, '2019-04-22', 'เช้า', 1),
(3920, 11, 723, '2019-04-22', 'บ่าย', 1),
(3921, 11, 723, '2019-04-23', 'เช้า', 1),
(3922, 11, 723, '2019-04-23', 'บ่าย', 1),
(3923, 11, 723, '2019-04-24', 'เช้า', 1),
(3924, 11, 723, '2019-04-24', 'บ่าย', 1),
(3925, 11, 723, '2019-04-25', 'เช้า', 1),
(3926, 11, 723, '2019-04-25', 'บ่าย', 1),
(3927, 11, 723, '2019-04-26', 'เช้า', 1),
(3928, 11, 723, '2019-04-26', 'บ่าย', 1),
(3929, 11, 723, '2019-04-27', 'เช้า', 1),
(3930, 11, 723, '2019-04-27', 'บ่าย', 1),
(3931, 11, 724, '2019-04-18', 'เช้า', 1),
(3932, 11, 724, '2019-04-18', 'บ่าย', 1),
(3933, 11, 724, '2019-04-19', 'เช้า', 1),
(3934, 11, 724, '2019-04-19', 'บ่าย', 1),
(3935, 11, 724, '2019-04-20', 'เช้า', 1),
(3936, 11, 724, '2019-04-20', 'บ่าย', 1),
(3937, 11, 724, '2019-04-21', 'เช้า', 1),
(3938, 11, 724, '2019-04-21', 'บ่าย', 1),
(3939, 11, 724, '2019-04-22', 'เช้า', 1),
(3940, 11, 724, '2019-04-22', 'บ่าย', 1),
(3941, 11, 724, '2019-04-23', 'เช้า', 1),
(3942, 11, 724, '2019-04-23', 'บ่าย', 1),
(3943, 11, 724, '2019-04-24', 'เช้า', 1),
(3944, 11, 724, '2019-04-24', 'บ่าย', 1),
(3945, 11, 724, '2019-04-25', 'เช้า', 1),
(3946, 11, 724, '2019-04-25', 'บ่าย', 1),
(3947, 11, 724, '2019-04-26', 'เช้า', 1),
(3948, 11, 724, '2019-04-26', 'บ่าย', 1),
(3949, 11, 724, '2019-04-27', 'เช้า', 1),
(3950, 11, 724, '2019-04-27', 'บ่าย', 1),
(3951, 11, 725, '2019-04-18', 'เช้า', 1),
(3952, 11, 725, '2019-04-18', 'บ่าย', 1),
(3953, 11, 725, '2019-04-19', 'เช้า', 1),
(3954, 11, 725, '2019-04-19', 'บ่าย', 1),
(3955, 11, 725, '2019-04-20', 'เช้า', 1),
(3956, 11, 725, '2019-04-20', 'บ่าย', 1),
(3957, 11, 725, '2019-04-21', 'เช้า', 1),
(3958, 11, 725, '2019-04-21', 'บ่าย', 1),
(3959, 11, 725, '2019-04-22', 'เช้า', 1),
(3960, 11, 725, '2019-04-22', 'บ่าย', 1),
(3961, 11, 725, '2019-04-23', 'เช้า', 1),
(3962, 11, 725, '2019-04-23', 'บ่าย', 1),
(3963, 11, 725, '2019-04-24', 'เช้า', 1),
(3964, 11, 725, '2019-04-24', 'บ่าย', 1),
(3965, 11, 725, '2019-04-25', 'เช้า', 1),
(3966, 11, 725, '2019-04-25', 'บ่าย', 1),
(3967, 11, 725, '2019-04-26', 'เช้า', 1),
(3968, 11, 725, '2019-04-26', 'บ่าย', 1),
(3969, 11, 725, '2019-04-27', 'เช้า', 1),
(3970, 11, 725, '2019-04-27', 'บ่าย', 1),
(3971, 11, 726, '2019-04-18', 'เช้า', 1),
(3972, 11, 726, '2019-04-18', 'บ่าย', 1),
(3973, 11, 726, '2019-04-19', 'เช้า', 1),
(3974, 11, 726, '2019-04-19', 'บ่าย', 1),
(3975, 11, 726, '2019-04-20', 'เช้า', 1),
(3976, 11, 726, '2019-04-20', 'บ่าย', 1),
(3977, 11, 726, '2019-04-21', 'เช้า', 1),
(3978, 11, 726, '2019-04-21', 'บ่าย', 1),
(3979, 11, 726, '2019-04-22', 'เช้า', 1),
(3980, 11, 726, '2019-04-22', 'บ่าย', 1),
(3981, 11, 726, '2019-04-23', 'เช้า', 1),
(3982, 11, 726, '2019-04-23', 'บ่าย', 1),
(3983, 11, 726, '2019-04-24', 'เช้า', 0),
(3984, 11, 726, '2019-04-24', 'บ่าย', 0),
(3985, 11, 726, '2019-04-25', 'เช้า', 1),
(3986, 11, 726, '2019-04-25', 'บ่าย', 1),
(3987, 11, 726, '2019-04-26', 'เช้า', 1),
(3988, 11, 726, '2019-04-26', 'บ่าย', 1),
(3989, 11, 726, '2019-04-27', 'เช้า', 1),
(3990, 11, 726, '2019-04-27', 'บ่าย', 1),
(3991, 11, 727, '2019-04-18', 'เช้า', 1),
(3992, 11, 727, '2019-04-18', 'บ่าย', 1),
(3993, 11, 727, '2019-04-19', 'เช้า', 1),
(3994, 11, 727, '2019-04-19', 'บ่าย', 1),
(3995, 11, 727, '2019-04-20', 'เช้า', 1),
(3996, 11, 727, '2019-04-20', 'บ่าย', 1),
(3997, 11, 727, '2019-04-21', 'เช้า', 1),
(3998, 11, 727, '2019-04-21', 'บ่าย', 1),
(3999, 11, 727, '2019-04-22', 'เช้า', 1),
(4000, 11, 727, '2019-04-22', 'บ่าย', 1),
(4001, 11, 727, '2019-04-23', 'เช้า', 1),
(4002, 11, 727, '2019-04-23', 'บ่าย', 1),
(4003, 11, 727, '2019-04-24', 'เช้า', 1),
(4004, 11, 727, '2019-04-24', 'บ่าย', 1),
(4005, 11, 727, '2019-04-25', 'เช้า', 1),
(4006, 11, 727, '2019-04-25', 'บ่าย', 1),
(4007, 11, 727, '2019-04-26', 'เช้า', 1),
(4008, 11, 727, '2019-04-26', 'บ่าย', 1),
(4009, 11, 727, '2019-04-27', 'เช้า', 1),
(4010, 11, 727, '2019-04-27', 'บ่าย', 1),
(4011, 11, 728, '2019-04-18', 'เช้า', 1),
(4012, 11, 728, '2019-04-18', 'บ่าย', 1),
(4013, 11, 728, '2019-04-19', 'เช้า', 1),
(4014, 11, 728, '2019-04-19', 'บ่าย', 1),
(4015, 11, 728, '2019-04-20', 'เช้า', 1),
(4016, 11, 728, '2019-04-20', 'บ่าย', 1),
(4017, 11, 728, '2019-04-21', 'เช้า', 1),
(4018, 11, 728, '2019-04-21', 'บ่าย', 1),
(4019, 11, 728, '2019-04-22', 'เช้า', 1),
(4020, 11, 728, '2019-04-22', 'บ่าย', 1),
(4021, 11, 728, '2019-04-23', 'เช้า', 1),
(4022, 11, 728, '2019-04-23', 'บ่าย', 1),
(4023, 11, 728, '2019-04-24', 'เช้า', 1),
(4024, 11, 728, '2019-04-24', 'บ่าย', 1),
(4025, 11, 728, '2019-04-25', 'เช้า', 1),
(4026, 11, 728, '2019-04-25', 'บ่าย', 1),
(4027, 11, 728, '2019-04-26', 'เช้า', 1),
(4028, 11, 728, '2019-04-26', 'บ่าย', 1),
(4029, 11, 728, '2019-04-27', 'เช้า', 1),
(4030, 11, 728, '2019-04-27', 'บ่าย', 1),
(4031, 11, 729, '2019-04-18', 'เช้า', 1),
(4032, 11, 729, '2019-04-18', 'บ่าย', 1),
(4033, 11, 729, '2019-04-19', 'เช้า', 1),
(4034, 11, 729, '2019-04-19', 'บ่าย', 1),
(4035, 11, 729, '2019-04-20', 'เช้า', 1),
(4036, 11, 729, '2019-04-20', 'บ่าย', 1),
(4037, 11, 729, '2019-04-21', 'เช้า', 1),
(4038, 11, 729, '2019-04-21', 'บ่าย', 1),
(4039, 11, 729, '2019-04-22', 'เช้า', 1),
(4040, 11, 729, '2019-04-22', 'บ่าย', 1),
(4041, 11, 729, '2019-04-23', 'เช้า', 1),
(4042, 11, 729, '2019-04-23', 'บ่าย', 1),
(4043, 11, 729, '2019-04-24', 'เช้า', 1),
(4044, 11, 729, '2019-04-24', 'บ่าย', 1),
(4045, 11, 729, '2019-04-25', 'เช้า', 1),
(4046, 11, 729, '2019-04-25', 'บ่าย', 1),
(4047, 11, 729, '2019-04-26', 'เช้า', 1),
(4048, 11, 729, '2019-04-26', 'บ่าย', 1),
(4049, 11, 729, '2019-04-27', 'เช้า', 1),
(4050, 11, 729, '2019-04-27', 'บ่าย', 1),
(4051, 11, 730, '2019-04-18', 'เช้า', 1),
(4052, 11, 730, '2019-04-18', 'บ่าย', 1),
(4053, 11, 730, '2019-04-19', 'เช้า', 1),
(4054, 11, 730, '2019-04-19', 'บ่าย', 1),
(4055, 11, 730, '2019-04-20', 'เช้า', 1),
(4056, 11, 730, '2019-04-20', 'บ่าย', 1),
(4057, 11, 730, '2019-04-21', 'เช้า', 1),
(4058, 11, 730, '2019-04-21', 'บ่าย', 1),
(4059, 11, 730, '2019-04-22', 'เช้า', 1),
(4060, 11, 730, '2019-04-22', 'บ่าย', 1),
(4061, 11, 730, '2019-04-23', 'เช้า', 1),
(4062, 11, 730, '2019-04-23', 'บ่าย', 1),
(4063, 11, 730, '2019-04-24', 'เช้า', 1),
(4064, 11, 730, '2019-04-24', 'บ่าย', 1),
(4065, 11, 730, '2019-04-25', 'เช้า', 1),
(4066, 11, 730, '2019-04-25', 'บ่าย', 1),
(4067, 11, 730, '2019-04-26', 'เช้า', 1),
(4068, 11, 730, '2019-04-26', 'บ่าย', 1),
(4069, 11, 730, '2019-04-27', 'เช้า', 1),
(4070, 11, 730, '2019-04-27', 'บ่าย', 1),
(4071, 11, 731, '2019-04-18', 'เช้า', 1),
(4072, 11, 731, '2019-04-18', 'บ่าย', 1),
(4073, 11, 731, '2019-04-19', 'เช้า', 1),
(4074, 11, 731, '2019-04-19', 'บ่าย', 1),
(4075, 11, 731, '2019-04-20', 'เช้า', 1),
(4076, 11, 731, '2019-04-20', 'บ่าย', 1),
(4077, 11, 731, '2019-04-21', 'เช้า', 1);
INSERT INTO `rank_checks` (`id`, `activity_details_id`, `participation_id`, `date_check`, `time`, `status`) VALUES
(4078, 11, 731, '2019-04-21', 'บ่าย', 1),
(4079, 11, 731, '2019-04-22', 'เช้า', 1),
(4080, 11, 731, '2019-04-22', 'บ่าย', 1),
(4081, 11, 731, '2019-04-23', 'เช้า', 1),
(4082, 11, 731, '2019-04-23', 'บ่าย', 1),
(4083, 11, 731, '2019-04-24', 'เช้า', 1),
(4084, 11, 731, '2019-04-24', 'บ่าย', 1),
(4085, 11, 731, '2019-04-25', 'เช้า', 1),
(4086, 11, 731, '2019-04-25', 'บ่าย', 1),
(4087, 11, 731, '2019-04-26', 'เช้า', 1),
(4088, 11, 731, '2019-04-26', 'บ่าย', 1),
(4089, 11, 731, '2019-04-27', 'เช้า', 1),
(4090, 11, 731, '2019-04-27', 'บ่าย', 1),
(4091, 11, 732, '2019-04-18', 'เช้า', 1),
(4092, 11, 732, '2019-04-18', 'บ่าย', 1),
(4093, 11, 732, '2019-04-19', 'เช้า', 1),
(4094, 11, 732, '2019-04-19', 'บ่าย', 1),
(4095, 11, 732, '2019-04-20', 'เช้า', 1),
(4096, 11, 732, '2019-04-20', 'บ่าย', 1),
(4097, 11, 732, '2019-04-21', 'เช้า', 1),
(4098, 11, 732, '2019-04-21', 'บ่าย', 1),
(4099, 11, 732, '2019-04-22', 'เช้า', 1),
(4100, 11, 732, '2019-04-22', 'บ่าย', 1),
(4101, 11, 732, '2019-04-23', 'เช้า', 1),
(4102, 11, 732, '2019-04-23', 'บ่าย', 1),
(4103, 11, 732, '2019-04-24', 'เช้า', 1),
(4104, 11, 732, '2019-04-24', 'บ่าย', 1),
(4105, 11, 732, '2019-04-25', 'เช้า', 1),
(4106, 11, 732, '2019-04-25', 'บ่าย', 1),
(4107, 11, 732, '2019-04-26', 'เช้า', 1),
(4108, 11, 732, '2019-04-26', 'บ่าย', 1),
(4109, 11, 732, '2019-04-27', 'เช้า', 1),
(4110, 11, 732, '2019-04-27', 'บ่าย', 1),
(4111, 11, 733, '2019-04-18', 'เช้า', 1),
(4112, 11, 733, '2019-04-18', 'บ่าย', 1),
(4113, 11, 733, '2019-04-19', 'เช้า', 1),
(4114, 11, 733, '2019-04-19', 'บ่าย', 1),
(4115, 11, 733, '2019-04-20', 'เช้า', 1),
(4116, 11, 733, '2019-04-20', 'บ่าย', 1),
(4117, 11, 733, '2019-04-21', 'เช้า', 1),
(4118, 11, 733, '2019-04-21', 'บ่าย', 1),
(4119, 11, 733, '2019-04-22', 'เช้า', 1),
(4120, 11, 733, '2019-04-22', 'บ่าย', 1),
(4121, 11, 733, '2019-04-23', 'เช้า', 1),
(4122, 11, 733, '2019-04-23', 'บ่าย', 1),
(4123, 11, 733, '2019-04-24', 'เช้า', 1),
(4124, 11, 733, '2019-04-24', 'บ่าย', 1),
(4125, 11, 733, '2019-04-25', 'เช้า', 1),
(4126, 11, 733, '2019-04-25', 'บ่าย', 1),
(4127, 11, 733, '2019-04-26', 'เช้า', 1),
(4128, 11, 733, '2019-04-26', 'บ่าย', 1),
(4129, 11, 733, '2019-04-27', 'เช้า', 1),
(4130, 11, 733, '2019-04-27', 'บ่าย', 1),
(4131, 11, 734, '2019-04-18', 'เช้า', 1),
(4132, 11, 734, '2019-04-18', 'บ่าย', 1),
(4133, 11, 734, '2019-04-19', 'เช้า', 1),
(4134, 11, 734, '2019-04-19', 'บ่าย', 1),
(4135, 11, 734, '2019-04-20', 'เช้า', 1),
(4136, 11, 734, '2019-04-20', 'บ่าย', 1),
(4137, 11, 734, '2019-04-21', 'เช้า', 1),
(4138, 11, 734, '2019-04-21', 'บ่าย', 1),
(4139, 11, 734, '2019-04-22', 'เช้า', 1),
(4140, 11, 734, '2019-04-22', 'บ่าย', 1),
(4141, 11, 734, '2019-04-23', 'เช้า', 1),
(4142, 11, 734, '2019-04-23', 'บ่าย', 1),
(4143, 11, 734, '2019-04-24', 'เช้า', 1),
(4144, 11, 734, '2019-04-24', 'บ่าย', 1),
(4145, 11, 734, '2019-04-25', 'เช้า', 1),
(4146, 11, 734, '2019-04-25', 'บ่าย', 1),
(4147, 11, 734, '2019-04-26', 'เช้า', 1),
(4148, 11, 734, '2019-04-26', 'บ่าย', 1),
(4149, 11, 734, '2019-04-27', 'เช้า', 1),
(4150, 11, 734, '2019-04-27', 'บ่าย', 1),
(4151, 11, 735, '2019-04-18', 'เช้า', 1),
(4152, 11, 735, '2019-04-18', 'บ่าย', 1),
(4153, 11, 735, '2019-04-19', 'เช้า', 1),
(4154, 11, 735, '2019-04-19', 'บ่าย', 1),
(4155, 11, 735, '2019-04-20', 'เช้า', 1),
(4156, 11, 735, '2019-04-20', 'บ่าย', 1),
(4157, 11, 735, '2019-04-21', 'เช้า', 1),
(4158, 11, 735, '2019-04-21', 'บ่าย', 1),
(4159, 11, 735, '2019-04-22', 'เช้า', 1),
(4160, 11, 735, '2019-04-22', 'บ่าย', 1),
(4161, 11, 735, '2019-04-23', 'เช้า', 1),
(4162, 11, 735, '2019-04-23', 'บ่าย', 1),
(4163, 11, 735, '2019-04-24', 'เช้า', 1),
(4164, 11, 735, '2019-04-24', 'บ่าย', 1),
(4165, 11, 735, '2019-04-25', 'เช้า', 1),
(4166, 11, 735, '2019-04-25', 'บ่าย', 1),
(4167, 11, 735, '2019-04-26', 'เช้า', 1),
(4168, 11, 735, '2019-04-26', 'บ่าย', 1),
(4169, 11, 735, '2019-04-27', 'เช้า', 1),
(4170, 11, 735, '2019-04-27', 'บ่าย', 1),
(4171, 11, 736, '2019-04-18', 'เช้า', 1),
(4172, 11, 736, '2019-04-18', 'บ่าย', 1),
(4173, 11, 736, '2019-04-19', 'เช้า', 1),
(4174, 11, 736, '2019-04-19', 'บ่าย', 1),
(4175, 11, 736, '2019-04-20', 'เช้า', 1),
(4176, 11, 736, '2019-04-20', 'บ่าย', 1),
(4177, 11, 736, '2019-04-21', 'เช้า', 1),
(4178, 11, 736, '2019-04-21', 'บ่าย', 1),
(4179, 11, 736, '2019-04-22', 'เช้า', 1),
(4180, 11, 736, '2019-04-22', 'บ่าย', 1),
(4181, 11, 736, '2019-04-23', 'เช้า', 1),
(4182, 11, 736, '2019-04-23', 'บ่าย', 1),
(4183, 11, 736, '2019-04-24', 'เช้า', 1),
(4184, 11, 736, '2019-04-24', 'บ่าย', 1),
(4185, 11, 736, '2019-04-25', 'เช้า', 1),
(4186, 11, 736, '2019-04-25', 'บ่าย', 1),
(4187, 11, 736, '2019-04-26', 'เช้า', 1),
(4188, 11, 736, '2019-04-26', 'บ่าย', 1),
(4189, 11, 736, '2019-04-27', 'เช้า', 1),
(4190, 11, 736, '2019-04-27', 'บ่าย', 1),
(4191, 11, 737, '2019-04-18', 'เช้า', 1),
(4192, 11, 737, '2019-04-18', 'บ่าย', 1),
(4193, 11, 737, '2019-04-19', 'เช้า', 1),
(4194, 11, 737, '2019-04-19', 'บ่าย', 1),
(4195, 11, 737, '2019-04-20', 'เช้า', 1),
(4196, 11, 737, '2019-04-20', 'บ่าย', 1),
(4197, 11, 737, '2019-04-21', 'เช้า', 1),
(4198, 11, 737, '2019-04-21', 'บ่าย', 1),
(4199, 11, 737, '2019-04-22', 'เช้า', 1),
(4200, 11, 737, '2019-04-22', 'บ่าย', 1),
(4201, 11, 737, '2019-04-23', 'เช้า', 1),
(4202, 11, 737, '2019-04-23', 'บ่าย', 1),
(4203, 11, 737, '2019-04-24', 'เช้า', 1),
(4204, 11, 737, '2019-04-24', 'บ่าย', 1),
(4205, 11, 737, '2019-04-25', 'เช้า', 1),
(4206, 11, 737, '2019-04-25', 'บ่าย', 1),
(4207, 11, 737, '2019-04-26', 'เช้า', 1),
(4208, 11, 737, '2019-04-26', 'บ่าย', 1),
(4209, 11, 737, '2019-04-27', 'เช้า', 1),
(4210, 11, 737, '2019-04-27', 'บ่าย', 1),
(4211, 11, 738, '2019-04-18', 'เช้า', 1),
(4212, 11, 738, '2019-04-18', 'บ่าย', 1),
(4213, 11, 738, '2019-04-19', 'เช้า', 1),
(4214, 11, 738, '2019-04-19', 'บ่าย', 1),
(4215, 11, 738, '2019-04-20', 'เช้า', 1),
(4216, 11, 738, '2019-04-20', 'บ่าย', 1),
(4217, 11, 738, '2019-04-21', 'เช้า', 1),
(4218, 11, 738, '2019-04-21', 'บ่าย', 1),
(4219, 11, 738, '2019-04-22', 'เช้า', 1),
(4220, 11, 738, '2019-04-22', 'บ่าย', 1),
(4221, 11, 738, '2019-04-23', 'เช้า', 1),
(4222, 11, 738, '2019-04-23', 'บ่าย', 1),
(4223, 11, 738, '2019-04-24', 'เช้า', 1),
(4224, 11, 738, '2019-04-24', 'บ่าย', 1),
(4225, 11, 738, '2019-04-25', 'เช้า', 1),
(4226, 11, 738, '2019-04-25', 'บ่าย', 1),
(4227, 11, 738, '2019-04-26', 'เช้า', 1),
(4228, 11, 738, '2019-04-26', 'บ่าย', 1),
(4229, 11, 738, '2019-04-27', 'เช้า', 1),
(4230, 11, 738, '2019-04-27', 'บ่าย', 1),
(4231, 11, 739, '2019-04-18', 'เช้า', 1),
(4232, 11, 739, '2019-04-18', 'บ่าย', 1),
(4233, 11, 739, '2019-04-19', 'เช้า', 1),
(4234, 11, 739, '2019-04-19', 'บ่าย', 1),
(4235, 11, 739, '2019-04-20', 'เช้า', 1),
(4236, 11, 739, '2019-04-20', 'บ่าย', 1),
(4237, 11, 739, '2019-04-21', 'เช้า', 1),
(4238, 11, 739, '2019-04-21', 'บ่าย', 1),
(4239, 11, 739, '2019-04-22', 'เช้า', 1),
(4240, 11, 739, '2019-04-22', 'บ่าย', 1),
(4241, 11, 739, '2019-04-23', 'เช้า', 1),
(4242, 11, 739, '2019-04-23', 'บ่าย', 1),
(4243, 11, 739, '2019-04-24', 'เช้า', 1),
(4244, 11, 739, '2019-04-24', 'บ่าย', 1),
(4245, 11, 739, '2019-04-25', 'เช้า', 1),
(4246, 11, 739, '2019-04-25', 'บ่าย', 1),
(4247, 11, 739, '2019-04-26', 'เช้า', 1),
(4248, 11, 739, '2019-04-26', 'บ่าย', 1),
(4249, 11, 739, '2019-04-27', 'เช้า', 1),
(4250, 11, 739, '2019-04-27', 'บ่าย', 1),
(4251, 11, 740, '2019-04-18', 'เช้า', 1),
(4252, 11, 740, '2019-04-18', 'บ่าย', 1),
(4253, 11, 740, '2019-04-19', 'เช้า', 1),
(4254, 11, 740, '2019-04-19', 'บ่าย', 1),
(4255, 11, 740, '2019-04-20', 'เช้า', 1),
(4256, 11, 740, '2019-04-20', 'บ่าย', 1),
(4257, 11, 740, '2019-04-21', 'เช้า', 1),
(4258, 11, 740, '2019-04-21', 'บ่าย', 1),
(4259, 11, 740, '2019-04-22', 'เช้า', 1),
(4260, 11, 740, '2019-04-22', 'บ่าย', 1),
(4261, 11, 740, '2019-04-23', 'เช้า', 1),
(4262, 11, 740, '2019-04-23', 'บ่าย', 1),
(4263, 11, 740, '2019-04-24', 'เช้า', 1),
(4264, 11, 740, '2019-04-24', 'บ่าย', 1),
(4265, 11, 740, '2019-04-25', 'เช้า', 1),
(4266, 11, 740, '2019-04-25', 'บ่าย', 1),
(4267, 11, 740, '2019-04-26', 'เช้า', 1),
(4268, 11, 740, '2019-04-26', 'บ่าย', 1),
(4269, 11, 740, '2019-04-27', 'เช้า', 1),
(4270, 11, 740, '2019-04-27', 'บ่าย', 1),
(4271, 11, 741, '2019-04-18', 'เช้า', 0),
(4272, 11, 741, '2019-04-18', 'บ่าย', 0),
(4273, 11, 741, '2019-04-19', 'เช้า', 1),
(4274, 11, 741, '2019-04-19', 'บ่าย', 1),
(4275, 11, 741, '2019-04-20', 'เช้า', 1),
(4276, 11, 741, '2019-04-20', 'บ่าย', 1),
(4277, 11, 741, '2019-04-21', 'เช้า', 1),
(4278, 11, 741, '2019-04-21', 'บ่าย', 1),
(4279, 11, 741, '2019-04-22', 'เช้า', 1),
(4280, 11, 741, '2019-04-22', 'บ่าย', 1),
(4281, 11, 741, '2019-04-23', 'เช้า', 1),
(4282, 11, 741, '2019-04-23', 'บ่าย', 1),
(4283, 11, 741, '2019-04-24', 'เช้า', 1),
(4284, 11, 741, '2019-04-24', 'บ่าย', 1),
(4285, 11, 741, '2019-04-25', 'เช้า', 1),
(4286, 11, 741, '2019-04-25', 'บ่าย', 1),
(4287, 11, 741, '2019-04-26', 'เช้า', 1),
(4288, 11, 741, '2019-04-26', 'บ่าย', 1),
(4289, 11, 741, '2019-04-27', 'เช้า', 1),
(4290, 11, 741, '2019-04-27', 'บ่าย', 1),
(4291, 11, 742, '2019-04-18', 'เช้า', 1),
(4292, 11, 742, '2019-04-18', 'บ่าย', 1),
(4293, 11, 742, '2019-04-19', 'เช้า', 1),
(4294, 11, 742, '2019-04-19', 'บ่าย', 1),
(4295, 11, 742, '2019-04-20', 'เช้า', 1),
(4296, 11, 742, '2019-04-20', 'บ่าย', 1),
(4297, 11, 742, '2019-04-21', 'เช้า', 1),
(4298, 11, 742, '2019-04-21', 'บ่าย', 1),
(4299, 11, 742, '2019-04-22', 'เช้า', 1),
(4300, 11, 742, '2019-04-22', 'บ่าย', 1),
(4301, 11, 742, '2019-04-23', 'เช้า', 1),
(4302, 11, 742, '2019-04-23', 'บ่าย', 1),
(4303, 11, 742, '2019-04-24', 'เช้า', 1),
(4304, 11, 742, '2019-04-24', 'บ่าย', 1),
(4305, 11, 742, '2019-04-25', 'เช้า', 1),
(4306, 11, 742, '2019-04-25', 'บ่าย', 1),
(4307, 11, 742, '2019-04-26', 'เช้า', 1),
(4308, 11, 742, '2019-04-26', 'บ่าย', 1),
(4309, 11, 742, '2019-04-27', 'เช้า', 1),
(4310, 11, 742, '2019-04-27', 'บ่าย', 1),
(4311, 11, 743, '2019-04-18', 'เช้า', 1),
(4312, 11, 743, '2019-04-18', 'บ่าย', 1),
(4313, 11, 743, '2019-04-19', 'เช้า', 1),
(4314, 11, 743, '2019-04-19', 'บ่าย', 1),
(4315, 11, 743, '2019-04-20', 'เช้า', 1),
(4316, 11, 743, '2019-04-20', 'บ่าย', 1),
(4317, 11, 743, '2019-04-21', 'เช้า', 1),
(4318, 11, 743, '2019-04-21', 'บ่าย', 1),
(4319, 11, 743, '2019-04-22', 'เช้า', 1),
(4320, 11, 743, '2019-04-22', 'บ่าย', 1),
(4321, 11, 743, '2019-04-23', 'เช้า', 1),
(4322, 11, 743, '2019-04-23', 'บ่าย', 1),
(4323, 11, 743, '2019-04-24', 'เช้า', 1),
(4324, 11, 743, '2019-04-24', 'บ่าย', 1),
(4325, 11, 743, '2019-04-25', 'เช้า', 1),
(4326, 11, 743, '2019-04-25', 'บ่าย', 1),
(4327, 11, 743, '2019-04-26', 'เช้า', 1),
(4328, 11, 743, '2019-04-26', 'บ่าย', 1),
(4329, 11, 743, '2019-04-27', 'เช้า', 1),
(4330, 11, 743, '2019-04-27', 'บ่าย', 1),
(4331, 11, 744, '2019-04-18', 'เช้า', 1),
(4332, 11, 744, '2019-04-18', 'บ่าย', 1),
(4333, 11, 744, '2019-04-19', 'เช้า', 1),
(4334, 11, 744, '2019-04-19', 'บ่าย', 1),
(4335, 11, 744, '2019-04-20', 'เช้า', 1),
(4336, 11, 744, '2019-04-20', 'บ่าย', 1),
(4337, 11, 744, '2019-04-21', 'เช้า', 1),
(4338, 11, 744, '2019-04-21', 'บ่าย', 1),
(4339, 11, 744, '2019-04-22', 'เช้า', 1),
(4340, 11, 744, '2019-04-22', 'บ่าย', 1),
(4341, 11, 744, '2019-04-23', 'เช้า', 1),
(4342, 11, 744, '2019-04-23', 'บ่าย', 1),
(4343, 11, 744, '2019-04-24', 'เช้า', 1),
(4344, 11, 744, '2019-04-24', 'บ่าย', 1),
(4345, 11, 744, '2019-04-25', 'เช้า', 1),
(4346, 11, 744, '2019-04-25', 'บ่าย', 1),
(4347, 11, 744, '2019-04-26', 'เช้า', 1),
(4348, 11, 744, '2019-04-26', 'บ่าย', 1),
(4349, 11, 744, '2019-04-27', 'เช้า', 1),
(4350, 11, 744, '2019-04-27', 'บ่าย', 1),
(4351, 11, 745, '2019-04-18', 'เช้า', 1),
(4352, 11, 745, '2019-04-18', 'บ่าย', 1),
(4353, 11, 745, '2019-04-19', 'เช้า', 1),
(4354, 11, 745, '2019-04-19', 'บ่าย', 1),
(4355, 11, 745, '2019-04-20', 'เช้า', 1),
(4356, 11, 745, '2019-04-20', 'บ่าย', 1),
(4357, 11, 745, '2019-04-21', 'เช้า', 1),
(4358, 11, 745, '2019-04-21', 'บ่าย', 1),
(4359, 11, 745, '2019-04-22', 'เช้า', 1),
(4360, 11, 745, '2019-04-22', 'บ่าย', 1),
(4361, 11, 745, '2019-04-23', 'เช้า', 1),
(4362, 11, 745, '2019-04-23', 'บ่าย', 1),
(4363, 11, 745, '2019-04-24', 'เช้า', 1),
(4364, 11, 745, '2019-04-24', 'บ่าย', 1),
(4365, 11, 745, '2019-04-25', 'เช้า', 1),
(4366, 11, 745, '2019-04-25', 'บ่าย', 1),
(4367, 11, 745, '2019-04-26', 'เช้า', 1),
(4368, 11, 745, '2019-04-26', 'บ่าย', 1),
(4369, 11, 745, '2019-04-27', 'เช้า', 1),
(4370, 11, 745, '2019-04-27', 'บ่าย', 1),
(4371, 11, 746, '2019-04-18', 'เช้า', 1),
(4372, 11, 746, '2019-04-18', 'บ่าย', 1),
(4373, 11, 746, '2019-04-19', 'เช้า', 1),
(4374, 11, 746, '2019-04-19', 'บ่าย', 1),
(4375, 11, 746, '2019-04-20', 'เช้า', 1),
(4376, 11, 746, '2019-04-20', 'บ่าย', 1),
(4377, 11, 746, '2019-04-21', 'เช้า', 1),
(4378, 11, 746, '2019-04-21', 'บ่าย', 1),
(4379, 11, 746, '2019-04-22', 'เช้า', 1),
(4380, 11, 746, '2019-04-22', 'บ่าย', 1),
(4381, 11, 746, '2019-04-23', 'เช้า', 1),
(4382, 11, 746, '2019-04-23', 'บ่าย', 1),
(4383, 11, 746, '2019-04-24', 'เช้า', 1),
(4384, 11, 746, '2019-04-24', 'บ่าย', 1),
(4385, 11, 746, '2019-04-25', 'เช้า', 1),
(4386, 11, 746, '2019-04-25', 'บ่าย', 1),
(4387, 11, 746, '2019-04-26', 'เช้า', 1),
(4388, 11, 746, '2019-04-26', 'บ่าย', 1),
(4389, 11, 746, '2019-04-27', 'เช้า', 1),
(4390, 11, 746, '2019-04-27', 'บ่าย', 1),
(4391, 11, 747, '2019-04-18', 'เช้า', 1),
(4392, 11, 747, '2019-04-18', 'บ่าย', 1),
(4393, 11, 747, '2019-04-19', 'เช้า', 1),
(4394, 11, 747, '2019-04-19', 'บ่าย', 1),
(4395, 11, 747, '2019-04-20', 'เช้า', 1),
(4396, 11, 747, '2019-04-20', 'บ่าย', 1),
(4397, 11, 747, '2019-04-21', 'เช้า', 1),
(4398, 11, 747, '2019-04-21', 'บ่าย', 1),
(4399, 11, 747, '2019-04-22', 'เช้า', 1),
(4400, 11, 747, '2019-04-22', 'บ่าย', 1),
(4401, 11, 747, '2019-04-23', 'เช้า', 1),
(4402, 11, 747, '2019-04-23', 'บ่าย', 1),
(4403, 11, 747, '2019-04-24', 'เช้า', 1),
(4404, 11, 747, '2019-04-24', 'บ่าย', 1),
(4405, 11, 747, '2019-04-25', 'เช้า', 1),
(4406, 11, 747, '2019-04-25', 'บ่าย', 1),
(4407, 11, 747, '2019-04-26', 'เช้า', 1),
(4408, 11, 747, '2019-04-26', 'บ่าย', 1),
(4409, 11, 747, '2019-04-27', 'เช้า', 1),
(4410, 11, 747, '2019-04-27', 'บ่าย', 1),
(4411, 12, 748, '2019-05-01', 'เช้า', 0),
(4412, 12, 748, '2019-05-01', 'บ่าย', 0),
(4413, 12, 748, '2019-05-02', 'เช้า', 0),
(4414, 12, 748, '2019-05-02', 'บ่าย', 0),
(4415, 12, 748, '2019-05-03', 'เช้า', 0),
(4416, 12, 748, '2019-05-03', 'บ่าย', 0),
(4417, 12, 748, '2019-05-04', 'เช้า', 0),
(4418, 12, 748, '2019-05-04', 'บ่าย', 0),
(4419, 12, 749, '2019-05-01', 'เช้า', 0),
(4420, 12, 749, '2019-05-01', 'บ่าย', 0),
(4421, 12, 749, '2019-05-02', 'เช้า', 0),
(4422, 12, 749, '2019-05-02', 'บ่าย', 0),
(4423, 12, 749, '2019-05-03', 'เช้า', 0),
(4424, 12, 749, '2019-05-03', 'บ่าย', 0),
(4425, 12, 749, '2019-05-04', 'เช้า', 0),
(4426, 12, 749, '2019-05-04', 'บ่าย', 0),
(4427, 12, 750, '2019-05-01', 'เช้า', 0),
(4428, 12, 750, '2019-05-01', 'บ่าย', 0),
(4429, 12, 750, '2019-05-02', 'เช้า', 0),
(4430, 12, 750, '2019-05-02', 'บ่าย', 0),
(4431, 12, 750, '2019-05-03', 'เช้า', 0),
(4432, 12, 750, '2019-05-03', 'บ่าย', 0),
(4433, 12, 750, '2019-05-04', 'เช้า', 0),
(4434, 12, 750, '2019-05-04', 'บ่าย', 0),
(4435, 12, 751, '2019-05-01', 'เช้า', 0),
(4436, 12, 751, '2019-05-01', 'บ่าย', 0),
(4437, 12, 751, '2019-05-02', 'เช้า', 0),
(4438, 12, 751, '2019-05-02', 'บ่าย', 0),
(4439, 12, 751, '2019-05-03', 'เช้า', 0),
(4440, 12, 751, '2019-05-03', 'บ่าย', 0),
(4441, 12, 751, '2019-05-04', 'เช้า', 0),
(4442, 12, 751, '2019-05-04', 'บ่าย', 0),
(4443, 12, 752, '2019-05-01', 'เช้า', 0),
(4444, 12, 752, '2019-05-01', 'บ่าย', 0),
(4445, 12, 752, '2019-05-02', 'เช้า', 0),
(4446, 12, 752, '2019-05-02', 'บ่าย', 0),
(4447, 12, 752, '2019-05-03', 'เช้า', 0),
(4448, 12, 752, '2019-05-03', 'บ่าย', 0),
(4449, 12, 752, '2019-05-04', 'เช้า', 0),
(4450, 12, 752, '2019-05-04', 'บ่าย', 0),
(4451, 12, 753, '2019-05-01', 'เช้า', 0),
(4452, 12, 753, '2019-05-01', 'บ่าย', 0),
(4453, 12, 753, '2019-05-02', 'เช้า', 0),
(4454, 12, 753, '2019-05-02', 'บ่าย', 0),
(4455, 12, 753, '2019-05-03', 'เช้า', 0),
(4456, 12, 753, '2019-05-03', 'บ่าย', 0),
(4457, 12, 753, '2019-05-04', 'เช้า', 0),
(4458, 12, 753, '2019-05-04', 'บ่าย', 0),
(4459, 12, 754, '2019-05-01', 'เช้า', 0),
(4460, 12, 754, '2019-05-01', 'บ่าย', 0),
(4461, 12, 754, '2019-05-02', 'เช้า', 0),
(4462, 12, 754, '2019-05-02', 'บ่าย', 0),
(4463, 12, 754, '2019-05-03', 'เช้า', 0),
(4464, 12, 754, '2019-05-03', 'บ่าย', 0),
(4465, 12, 754, '2019-05-04', 'เช้า', 0),
(4466, 12, 754, '2019-05-04', 'บ่าย', 0),
(4467, 12, 755, '2019-05-01', 'เช้า', 0),
(4468, 12, 755, '2019-05-01', 'บ่าย', 0),
(4469, 12, 755, '2019-05-02', 'เช้า', 0),
(4470, 12, 755, '2019-05-02', 'บ่าย', 0),
(4471, 12, 755, '2019-05-03', 'เช้า', 0),
(4472, 12, 755, '2019-05-03', 'บ่าย', 0),
(4473, 12, 755, '2019-05-04', 'เช้า', 0),
(4474, 12, 755, '2019-05-04', 'บ่าย', 0),
(4475, 12, 756, '2019-05-01', 'เช้า', 0),
(4476, 12, 756, '2019-05-01', 'บ่าย', 0),
(4477, 12, 756, '2019-05-02', 'เช้า', 0),
(4478, 12, 756, '2019-05-02', 'บ่าย', 0),
(4479, 12, 756, '2019-05-03', 'เช้า', 0),
(4480, 12, 756, '2019-05-03', 'บ่าย', 0),
(4481, 12, 756, '2019-05-04', 'เช้า', 0),
(4482, 12, 756, '2019-05-04', 'บ่าย', 0),
(4483, 12, 757, '2019-05-01', 'เช้า', 0),
(4484, 12, 757, '2019-05-01', 'บ่าย', 0),
(4485, 12, 757, '2019-05-02', 'เช้า', 0),
(4486, 12, 757, '2019-05-02', 'บ่าย', 0),
(4487, 12, 757, '2019-05-03', 'เช้า', 0),
(4488, 12, 757, '2019-05-03', 'บ่าย', 0),
(4489, 12, 757, '2019-05-04', 'เช้า', 0),
(4490, 12, 757, '2019-05-04', 'บ่าย', 0),
(4491, 12, 758, '2019-05-01', 'เช้า', 0),
(4492, 12, 758, '2019-05-01', 'บ่าย', 0),
(4493, 12, 758, '2019-05-02', 'เช้า', 0),
(4494, 12, 758, '2019-05-02', 'บ่าย', 0),
(4495, 12, 758, '2019-05-03', 'เช้า', 0),
(4496, 12, 758, '2019-05-03', 'บ่าย', 0),
(4497, 12, 758, '2019-05-04', 'เช้า', 0),
(4498, 12, 758, '2019-05-04', 'บ่าย', 0),
(4499, 12, 759, '2019-05-01', 'เช้า', 0),
(4500, 12, 759, '2019-05-01', 'บ่าย', 0),
(4501, 12, 759, '2019-05-02', 'เช้า', 0),
(4502, 12, 759, '2019-05-02', 'บ่าย', 0),
(4503, 12, 759, '2019-05-03', 'เช้า', 0),
(4504, 12, 759, '2019-05-03', 'บ่าย', 0),
(4505, 12, 759, '2019-05-04', 'เช้า', 0),
(4506, 12, 759, '2019-05-04', 'บ่าย', 0),
(4507, 12, 760, '2019-05-01', 'เช้า', 0),
(4508, 12, 760, '2019-05-01', 'บ่าย', 0),
(4509, 12, 760, '2019-05-02', 'เช้า', 0),
(4510, 12, 760, '2019-05-02', 'บ่าย', 0),
(4511, 12, 760, '2019-05-03', 'เช้า', 0),
(4512, 12, 760, '2019-05-03', 'บ่าย', 0),
(4513, 12, 760, '2019-05-04', 'เช้า', 0),
(4514, 12, 760, '2019-05-04', 'บ่าย', 0),
(4515, 12, 761, '2019-05-01', 'เช้า', 0),
(4516, 12, 761, '2019-05-01', 'บ่าย', 0),
(4517, 12, 761, '2019-05-02', 'เช้า', 0),
(4518, 12, 761, '2019-05-02', 'บ่าย', 0),
(4519, 12, 761, '2019-05-03', 'เช้า', 0),
(4520, 12, 761, '2019-05-03', 'บ่าย', 0),
(4521, 12, 761, '2019-05-04', 'เช้า', 0),
(4522, 12, 761, '2019-05-04', 'บ่าย', 0),
(4523, 12, 762, '2019-05-01', 'เช้า', 0),
(4524, 12, 762, '2019-05-01', 'บ่าย', 0),
(4525, 12, 762, '2019-05-02', 'เช้า', 0),
(4526, 12, 762, '2019-05-02', 'บ่าย', 0),
(4527, 12, 762, '2019-05-03', 'เช้า', 0),
(4528, 12, 762, '2019-05-03', 'บ่าย', 0),
(4529, 12, 762, '2019-05-04', 'เช้า', 0),
(4530, 12, 762, '2019-05-04', 'บ่าย', 0),
(4531, 12, 763, '2019-05-01', 'เช้า', 0),
(4532, 12, 763, '2019-05-01', 'บ่าย', 0),
(4533, 12, 763, '2019-05-02', 'เช้า', 0),
(4534, 12, 763, '2019-05-02', 'บ่าย', 0),
(4535, 12, 763, '2019-05-03', 'เช้า', 0),
(4536, 12, 763, '2019-05-03', 'บ่าย', 0),
(4537, 12, 763, '2019-05-04', 'เช้า', 0),
(4538, 12, 763, '2019-05-04', 'บ่าย', 0),
(4539, 12, 764, '2019-05-01', 'เช้า', 0),
(4540, 12, 764, '2019-05-01', 'บ่าย', 0),
(4541, 12, 764, '2019-05-02', 'เช้า', 0),
(4542, 12, 764, '2019-05-02', 'บ่าย', 0),
(4543, 12, 764, '2019-05-03', 'เช้า', 0),
(4544, 12, 764, '2019-05-03', 'บ่าย', 0),
(4545, 12, 764, '2019-05-04', 'เช้า', 0),
(4546, 12, 764, '2019-05-04', 'บ่าย', 0),
(4547, 12, 765, '2019-05-01', 'เช้า', 0),
(4548, 12, 765, '2019-05-01', 'บ่าย', 0),
(4549, 12, 765, '2019-05-02', 'เช้า', 0),
(4550, 12, 765, '2019-05-02', 'บ่าย', 0),
(4551, 12, 765, '2019-05-03', 'เช้า', 0),
(4552, 12, 765, '2019-05-03', 'บ่าย', 0),
(4553, 12, 765, '2019-05-04', 'เช้า', 0),
(4554, 12, 765, '2019-05-04', 'บ่าย', 0),
(4555, 12, 766, '2019-05-01', 'เช้า', 0),
(4556, 12, 766, '2019-05-01', 'บ่าย', 0),
(4557, 12, 766, '2019-05-02', 'เช้า', 0),
(4558, 12, 766, '2019-05-02', 'บ่าย', 0),
(4559, 12, 766, '2019-05-03', 'เช้า', 0),
(4560, 12, 766, '2019-05-03', 'บ่าย', 0),
(4561, 12, 766, '2019-05-04', 'เช้า', 0),
(4562, 12, 766, '2019-05-04', 'บ่าย', 0),
(4563, 12, 767, '2019-05-01', 'เช้า', 0),
(4564, 12, 767, '2019-05-01', 'บ่าย', 0),
(4565, 12, 767, '2019-05-02', 'เช้า', 0),
(4566, 12, 767, '2019-05-02', 'บ่าย', 0),
(4567, 12, 767, '2019-05-03', 'เช้า', 0),
(4568, 12, 767, '2019-05-03', 'บ่าย', 0),
(4569, 12, 767, '2019-05-04', 'เช้า', 0),
(4570, 12, 767, '2019-05-04', 'บ่าย', 0),
(4571, 12, 768, '2019-05-01', 'เช้า', 0),
(4572, 12, 768, '2019-05-01', 'บ่าย', 0),
(4573, 12, 768, '2019-05-02', 'เช้า', 0),
(4574, 12, 768, '2019-05-02', 'บ่าย', 0),
(4575, 12, 768, '2019-05-03', 'เช้า', 0),
(4576, 12, 768, '2019-05-03', 'บ่าย', 0),
(4577, 12, 768, '2019-05-04', 'เช้า', 0),
(4578, 12, 768, '2019-05-04', 'บ่าย', 0),
(4579, 12, 769, '2019-05-01', 'เช้า', 0),
(4580, 12, 769, '2019-05-01', 'บ่าย', 0),
(4581, 12, 769, '2019-05-02', 'เช้า', 0),
(4582, 12, 769, '2019-05-02', 'บ่าย', 0),
(4583, 12, 769, '2019-05-03', 'เช้า', 0),
(4584, 12, 769, '2019-05-03', 'บ่าย', 0),
(4585, 12, 769, '2019-05-04', 'เช้า', 0),
(4586, 12, 769, '2019-05-04', 'บ่าย', 0),
(4587, 12, 770, '2019-05-01', 'เช้า', 0),
(4588, 12, 770, '2019-05-01', 'บ่าย', 0),
(4589, 12, 770, '2019-05-02', 'เช้า', 0),
(4590, 12, 770, '2019-05-02', 'บ่าย', 0),
(4591, 12, 770, '2019-05-03', 'เช้า', 0),
(4592, 12, 770, '2019-05-03', 'บ่าย', 0),
(4593, 12, 770, '2019-05-04', 'เช้า', 0),
(4594, 12, 770, '2019-05-04', 'บ่าย', 0),
(4595, 12, 771, '2019-05-01', 'เช้า', 0),
(4596, 12, 771, '2019-05-01', 'บ่าย', 0),
(4597, 12, 771, '2019-05-02', 'เช้า', 0),
(4598, 12, 771, '2019-05-02', 'บ่าย', 0),
(4599, 12, 771, '2019-05-03', 'เช้า', 0),
(4600, 12, 771, '2019-05-03', 'บ่าย', 0),
(4601, 12, 771, '2019-05-04', 'เช้า', 0),
(4602, 12, 771, '2019-05-04', 'บ่าย', 0),
(4603, 13, 772, '2019-05-05', 'เช้า', 0),
(4604, 13, 772, '2019-05-05', 'บ่าย', 0),
(4605, 13, 773, '2019-05-05', 'เช้า', 0),
(4606, 13, 773, '2019-05-05', 'บ่าย', 0),
(4607, 13, 774, '2019-05-05', 'เช้า', 0),
(4608, 13, 774, '2019-05-05', 'บ่าย', 0),
(4609, 13, 775, '2019-05-05', 'เช้า', 0),
(4610, 13, 775, '2019-05-05', 'บ่าย', 0),
(4611, 13, 776, '2019-05-05', 'เช้า', 0),
(4612, 13, 776, '2019-05-05', 'บ่าย', 0),
(4613, 13, 777, '2019-05-05', 'เช้า', 0),
(4614, 13, 777, '2019-05-05', 'บ่าย', 0),
(4615, 13, 778, '2019-05-05', 'เช้า', 0),
(4616, 13, 778, '2019-05-05', 'บ่าย', 0),
(4617, 13, 779, '2019-05-05', 'เช้า', 0),
(4618, 13, 779, '2019-05-05', 'บ่าย', 0),
(4619, 13, 780, '2019-05-05', 'เช้า', 0),
(4620, 13, 780, '2019-05-05', 'บ่าย', 0),
(4621, 13, 781, '2019-05-05', 'เช้า', 0),
(4622, 13, 781, '2019-05-05', 'บ่าย', 0),
(4623, 13, 782, '2019-05-05', 'เช้า', 0),
(4624, 13, 782, '2019-05-05', 'บ่าย', 0),
(4625, 13, 783, '2019-05-05', 'เช้า', 0),
(4626, 13, 783, '2019-05-05', 'บ่าย', 0),
(4627, 13, 784, '2019-05-05', 'เช้า', 0),
(4628, 13, 784, '2019-05-05', 'บ่าย', 0),
(4629, 13, 785, '2019-05-05', 'เช้า', 0),
(4630, 13, 785, '2019-05-05', 'บ่าย', 0),
(4631, 13, 786, '2019-05-05', 'เช้า', 0),
(4632, 13, 786, '2019-05-05', 'บ่าย', 0),
(4633, 13, 787, '2019-05-05', 'เช้า', 0),
(4634, 13, 787, '2019-05-05', 'บ่าย', 0),
(4635, 13, 788, '2019-05-05', 'เช้า', 0),
(4636, 13, 788, '2019-05-05', 'บ่าย', 0),
(4637, 13, 789, '2019-05-05', 'เช้า', 0),
(4638, 13, 789, '2019-05-05', 'บ่าย', 0),
(4639, 13, 790, '2019-05-05', 'เช้า', 0),
(4640, 13, 790, '2019-05-05', 'บ่าย', 0),
(4641, 13, 791, '2019-05-05', 'เช้า', 0),
(4642, 13, 791, '2019-05-05', 'บ่าย', 0),
(4643, 13, 792, '2019-05-05', 'เช้า', 0),
(4644, 13, 792, '2019-05-05', 'บ่าย', 0),
(4645, 13, 793, '2019-05-05', 'เช้า', 0),
(4646, 13, 793, '2019-05-05', 'บ่าย', 0),
(4647, 13, 794, '2019-05-05', 'เช้า', 0),
(4648, 13, 794, '2019-05-05', 'บ่าย', 0),
(4649, 13, 795, '2019-05-05', 'เช้า', 0),
(4650, 13, 795, '2019-05-05', 'บ่าย', 0);

-- --------------------------------------------------------

--
-- Table structure for table `responsibilities`
--

CREATE TABLE `responsibilities` (
  `id` int(11) NOT NULL,
  `teacher_id` int(11) NOT NULL,
  `activity_detail_id` int(11) NOT NULL
) ENGINE=InnoDB DEFAULT CHARSET=utf8 COLLATE=utf8_unicode_ci;

--
-- Dumping data for table `responsibilities`
--

INSERT INTO `responsibilities` (`id`, `teacher_id`, `activity_detail_id`) VALUES
(43, 8, 11),
(44, 9, 11),
(45, 11, 11),
(46, 12, 11),
(47, 13, 11),
(48, 15, 11),
(49, 8, 12),
(50, 9, 12),
(51, 11, 12),
(52, 12, 12),
(53, 13, 12),
(54, 9, 13);

-- --------------------------------------------------------

--
-- Table structure for table `roles`
--

CREATE TABLE `roles` (
  `id` int(11) NOT NULL,
  `name` varchar(255) DEFAULT NULL,
  `isAdmin` bit(1) NOT NULL,
  `isTeacher` bit(1) NOT NULL,
  `isHeadTeacher` bit(1) NOT NULL,
  `created_at` datetime NOT NULL,
  `updated_at` datetime NOT NULL
) ENGINE=InnoDB DEFAULT CHARSET=utf8;

--
-- Dumping data for table `roles`
--

INSERT INTO `roles` (`id`, `name`, `isAdmin`, `isTeacher`, `isHeadTeacher`, `created_at`, `updated_at`) VALUES
(1, 'ผู้ดูแลระบบ', b'1', b'0', b'0', '2019-01-09 23:03:53', '2019-01-09 23:03:57'),
(2, 'อาจารย์', b'0', b'1', b'0', '2019-01-09 23:04:10', '2019-01-09 23:04:13'),
(3, 'ประธานหลักสูตร', b'0', b'0', b'1', '2019-01-24 20:24:54', '2019-01-24 20:24:54');

-- --------------------------------------------------------

--
-- Table structure for table `students`
--

CREATE TABLE `students` (
  `id` int(11) NOT NULL,
  `user_id` int(11) NOT NULL,
  `prefix` varchar(20) COLLATE utf8_unicode_ci NOT NULL,
  `firstname` varchar(100) COLLATE utf8_unicode_ci NOT NULL,
  `lastname` varchar(100) COLLATE utf8_unicode_ci NOT NULL,
  `image` text COLLATE utf8_unicode_ci,
  `year` varchar(4) COLLATE utf8_unicode_ci NOT NULL,
  `tel` varchar(10) COLLATE utf8_unicode_ci DEFAULT NULL,
  `email` varchar(200) COLLATE utf8_unicode_ci DEFAULT NULL,
  `created_at` datetime NOT NULL,
  `created_by` int(11) DEFAULT NULL,
  `updated_at` datetime NOT NULL,
  `updated_by` int(11) DEFAULT NULL,
  `deleted_at` datetime DEFAULT NULL
) ENGINE=InnoDB DEFAULT CHARSET=utf8 COLLATE=utf8_unicode_ci;

--
-- Dumping data for table `students`
--

INSERT INTO `students` (`id`, `user_id`, `prefix`, `firstname`, `lastname`, `image`, `year`, `tel`, `email`, `created_at`, `created_by`, `updated_at`, `updated_by`, `deleted_at`) VALUES
(12345678, 147, 'นางสาว', 'test', 'testtt', NULL, '2512', NULL, NULL, '2019-03-22 09:37:55', NULL, '2019-04-09 18:46:11', NULL, NULL),
(58111111, 149, 'นางสาว', 'สุดสวย', 'ที่สุด', NULL, '2558', NULL, NULL, '2019-04-19 02:58:05', NULL, '2019-04-19 02:58:05', NULL, NULL),
(58111410, 124, 'นาย', 'โกเมศ', 'รักชุม', NULL, '2558', NULL, NULL, '2019-03-20 14:47:26', NULL, '2019-03-20 14:47:26', NULL, NULL),
(58112418, 125, 'นาย', 'ฉลองราช', 'ประสิทธิวงศ์', NULL, '2558', NULL, NULL, '2019-03-20 14:48:12', NULL, '2019-03-20 14:48:12', NULL, NULL),
(58112970, 126, 'นางสาว', 'ชิดชนก', 'ยีสมัน', NULL, '2558', NULL, NULL, '2019-03-20 14:49:42', NULL, '2019-03-20 14:49:42', NULL, NULL),
(58113341, 127, 'นางสาว', 'ฏอฮีเราะฮ์', 'ฮูซัยนี', NULL, '2558', NULL, NULL, '2019-03-20 14:50:37', NULL, '2019-03-20 14:50:37', NULL, NULL),
(58117656, 128, 'นาย', 'พรชัย', 'กลิ่นมาลา', NULL, '2558', NULL, NULL, '2019-03-20 14:53:43', NULL, '2019-03-20 14:53:43', NULL, NULL),
(58120379, 129, 'นาย', 'วุฒิชัย', 'เพ็ชร์ทอง', NULL, '2558', NULL, NULL, '2019-03-20 14:54:32', NULL, '2019-03-20 14:54:32', NULL, NULL),
(58121435, 130, 'นาย', 'สิทธิชัย', 'เขียวเข็ม', NULL, '2558', NULL, NULL, '2019-03-20 15:08:21', NULL, '2019-03-20 15:08:21', NULL, NULL),
(58121856, 131, 'นางสาว', 'สุทสา', 'จันหอม', NULL, '2558', NULL, NULL, '2019-03-20 15:12:38', NULL, '2019-03-20 15:12:38', NULL, NULL),
(58122516, 132, 'นาย', 'หฤษฎ์', 'คงทอง', NULL, '2558', NULL, NULL, '2019-03-20 15:13:04', NULL, '2019-03-20 15:13:04', NULL, NULL),
(58140500, 133, 'นาย', 'กิตปกรณ์', 'ทองเงิน', NULL, '2558', NULL, NULL, '2019-03-20 15:14:53', NULL, '2019-03-20 15:14:53', NULL, NULL),
(58141623, 134, 'นาย', 'ทัศวัฒน์', 'รัตนพันธ์', NULL, '2558', NULL, NULL, '2019-03-20 15:17:09', NULL, '2019-03-20 15:17:09', NULL, NULL),
(58142753, 135, 'นางสาว', 'ประภาพร', 'มั่งมี', NULL, '2558', NULL, NULL, '2019-03-20 15:17:42', NULL, '2019-03-20 15:17:42', NULL, NULL),
(58143033, 136, 'นาย', 'พงศธร', 'จันด้วง', NULL, '2558', NULL, NULL, '2019-03-20 15:18:26', NULL, '2019-03-20 15:18:26', NULL, NULL),
(58143900, 137, 'นาย', 'มูฮัมหมัดมะฮ์ดี', 'ราโอ๊ะ', NULL, '2558', NULL, NULL, '2019-03-20 15:19:01', NULL, '2019-03-20 15:19:01', NULL, NULL),
(58144239, 138, 'นาย', 'ลิขสิทธิ์', 'สุขชาญ', NULL, '2558', NULL, NULL, '2019-03-20 15:21:56', NULL, '2019-03-20 15:21:56', NULL, NULL),
(58144924, 139, 'นาย', 'ศุภณัฐ', 'คุ้มปิยะผล', NULL, '2558', NULL, NULL, '2019-03-20 15:23:25', NULL, '2019-03-20 15:23:25', NULL, NULL),
(58145236, 140, 'นางสาว', 'สุดารัตน์', 'ผิวอ่อน', NULL, '2558', NULL, NULL, '2019-03-20 15:33:48', NULL, '2019-03-20 15:33:48', NULL, NULL),
(58147406, 141, 'นาย', 'ธนากร', 'ลิ้มสกุล', NULL, '2558', NULL, NULL, '2019-03-20 15:34:35', NULL, '2019-03-20 15:34:35', NULL, NULL),
(58148602, 142, 'นางสาว', 'สิริพร', 'พุทธวิริยะ', NULL, '2558', NULL, NULL, '2019-03-20 15:35:06', NULL, '2019-03-20 15:35:06', NULL, NULL),
(58149840, 143, 'นางสาว', 'อลีฟ', 'รักไทรทอง', NULL, '2558', NULL, NULL, '2019-03-20 15:35:35', NULL, '2019-03-20 15:35:35', NULL, NULL),
(58162660, 144, 'นาย', 'สมศักดิ์', 'หมั่นถนอม', NULL, '2558', NULL, NULL, '2019-03-20 15:36:01', NULL, '2019-03-20 15:36:01', NULL, NULL),
(58162694, 145, 'นาย', 'สหรัฐ', 'รักดำ', NULL, '2558', NULL, NULL, '2019-03-20 15:36:32', NULL, '2019-03-20 15:36:32', NULL, NULL),
(58888888, 150, 'นางสาว', 'test', 'a', NULL, '2558', NULL, NULL, '2019-04-19 10:33:58', NULL, '2019-04-19 10:33:58', NULL, NULL),
(59112557, 107, 'นาย', 'ชัยสิทธิ์', 'คุณาปกรณ์การ', NULL, '2559', NULL, NULL, '2019-03-20 13:56:04', NULL, '2019-03-20 13:56:04', NULL, NULL),
(59113423, 108, 'นาย', 'ณัฐดนัย', 'จารย์โพธิ์', NULL, '2559', NULL, NULL, '2019-03-20 13:56:36', NULL, '2019-03-20 13:56:36', NULL, NULL),
(59113589, 109, 'นาย', 'ณัฐพล', 'บุญสุวรรณ์', NULL, '2559', NULL, NULL, '2019-03-20 13:57:09', NULL, '2019-03-20 13:57:09', NULL, NULL),
(59114462, 110, 'นาย', 'ธนวัฒน์', 'อุไรรัตน์', NULL, '2559', NULL, NULL, '2019-03-20 13:57:40', NULL, '2019-03-20 13:57:40', NULL, NULL),
(59114819, 111, 'นางสาว', 'ธิดารัตน์', 'สุรัตวดี', NULL, '2559', NULL, NULL, '2019-03-20 13:58:22', NULL, '2019-03-20 13:58:22', NULL, NULL),
(59119438, 112, 'นาย', 'ณัฐพงค์', 'ปริตรศิรประภา', NULL, '2559', NULL, NULL, '2019-03-20 14:01:19', NULL, '2019-03-20 14:01:19', NULL, NULL),
(59119610, 113, 'นาย', 'วรวิบูล', 'ไกรแก้ว', NULL, '2559', NULL, NULL, '2019-03-20 14:01:52', NULL, '2019-03-20 14:01:52', NULL, NULL),
(59119941, 114, 'นางสาว', 'วิชุตา', 'หมาดอะดำ', NULL, '2559', NULL, NULL, '2019-03-20 14:02:19', NULL, '2019-03-20 14:02:19', NULL, NULL),
(59120535, 115, 'นางสาว', 'ศิริกัญญา', 'หัตถการ', NULL, '2559', NULL, NULL, '2019-03-20 14:04:32', NULL, '2019-03-20 14:04:32', NULL, NULL),
(59121368, 116, 'นางสาว', 'สิดารัศมิ์', 'ขาวบาง', NULL, '2559', NULL, NULL, '2019-03-20 14:05:09', NULL, '2019-03-20 14:05:09', NULL, NULL),
(59121970, 117, 'นางสาว', 'สุภาวดี', 'โพธิ์แป้น', NULL, '2559', NULL, NULL, '2019-03-20 14:05:46', NULL, '2019-03-20 14:05:46', NULL, NULL),
(59123570, 118, 'นาย', 'อารีฟีน', 'กุลดี', NULL, '2559', NULL, NULL, '2019-03-20 14:06:41', NULL, '2019-03-20 14:06:41', NULL, NULL),
(59141242, 119, 'นางสาว', 'ณกรตา', 'เปียทอง', NULL, '2559', NULL, NULL, '2019-03-20 14:07:11', NULL, '2019-03-20 14:07:11', NULL, NULL),
(59142901, 120, 'นางสาว', 'พัฒนะศักดิ์', 'พิเศษศิลป์', NULL, '2559', NULL, NULL, '2019-03-20 14:07:57', NULL, '2019-03-20 14:07:57', NULL, NULL),
(59145003, 121, 'นาย', 'อัสมาวี', 'ลาเตะ', NULL, '2559', NULL, NULL, '2019-03-20 14:08:29', NULL, '2019-03-20 14:08:29', NULL, NULL),
(59145219, 122, 'นาย', 'เอกวิชญ์', 'จำนงจิต', NULL, '2559', NULL, NULL, '2019-03-20 14:17:12', NULL, '2019-03-20 14:17:12', NULL, NULL),
(59147918, 123, 'นาย', 'ณัฐวุฒิ', 'ชูบัวทอง', NULL, '2559', NULL, NULL, '2019-03-20 14:17:45', NULL, '2019-03-20 14:17:45', NULL, NULL),
(60110673, 91, 'นางสาว', 'เก็จมณี', 'ทองใบ', NULL, '2560', NULL, NULL, '2019-03-20 13:22:22', NULL, '2019-03-20 13:22:22', NULL, NULL),
(60110863, 92, 'นาย', 'คุณัชญ์', 'ทองมี', NULL, '2560', NULL, NULL, '2019-03-20 13:22:57', NULL, '2019-03-20 13:22:57', NULL, NULL),
(60111465, 93, 'นาย', 'ชลธาร', 'แก้วเจริญ', NULL, '2560', NULL, NULL, '2019-03-20 13:27:26', NULL, '2019-03-20 13:27:26', NULL, NULL),
(60112869, 94, 'นาย', 'ธีนพัฒน์', 'รัตนวงศ์', NULL, '2560', NULL, NULL, '2019-03-20 13:28:26', NULL, '2019-03-20 13:28:26', NULL, NULL),
(60113008, 95, 'นาย', 'นฤเบศ', 'รีวรรณ', NULL, '2560', NULL, NULL, '2019-03-20 13:34:26', NULL, '2019-03-20 13:34:26', NULL, NULL),
(60113479, 96, 'นาย', 'บุรินทร์', 'พันธ์ชาติ', NULL, '2560', NULL, NULL, '2019-03-20 13:35:46', NULL, '2019-03-20 13:35:46', NULL, NULL),
(60113834, 97, 'นางสาว', 'ปัญญพัฒน์', 'เจือบุญ', NULL, '2560', NULL, NULL, '2019-03-20 13:36:23', NULL, '2019-03-20 13:36:23', NULL, NULL),
(60114105, 98, 'นาย', 'พงศธร', 'รักทอง', NULL, '2560', NULL, NULL, '2019-03-20 13:38:19', NULL, '2019-03-20 13:38:19', NULL, NULL),
(60140365, 99, 'นาย', 'กิตติพงษ์', 'ทูรย์ภานุประพันธ์', NULL, '2560', NULL, NULL, '2019-03-20 13:39:13', NULL, '2019-03-20 13:39:13', NULL, NULL),
(60140852, 100, 'นางสาว', 'จุตติมาศ', 'มาลัย', NULL, '2560', NULL, NULL, '2019-03-20 13:41:31', NULL, '2019-03-20 13:41:31', NULL, NULL),
(60141900, 101, 'นางสาว', 'ธัญวรัตน์', 'จินดา', NULL, '2560', NULL, NULL, '2019-03-20 13:41:58', NULL, '2019-03-20 13:41:58', NULL, NULL),
(60144235, 102, 'นางสาว', 'ศิริรัตน์', 'วิชิตแย้ม', NULL, '2560', NULL, NULL, '2019-03-20 13:42:37', NULL, '2019-03-20 13:42:37', NULL, NULL),
(60144730, 103, 'นาย', 'สุทธิพงษ์', 'จินตาแก้ว', NULL, '2560', NULL, NULL, '2019-03-20 13:43:08', NULL, '2019-03-20 13:43:08', NULL, NULL),
(60144961, 104, 'นางสาว', 'เสาวรัตน์', 'ชวนดี', NULL, '2560', NULL, NULL, '2019-03-20 13:43:50', NULL, '2019-03-20 13:43:50', NULL, NULL),
(60146313, 105, 'นาย', 'ชัชวาล', 'สุคนธปฏิภาค', NULL, '2560', NULL, NULL, '2019-03-20 13:44:22', NULL, '2019-03-20 13:44:22', NULL, NULL),
(60191053, 106, 'นางสาว', 'อะวาฏิฟ', 'ยูโซ๊ะ', NULL, '2560', NULL, NULL, '2019-03-20 13:44:56', NULL, '2019-03-20 13:44:56', NULL, NULL),
(61101192, 67, 'นางสาว', 'จริยาวดี', 'เนียมนาค', NULL, '2561', NULL, NULL, '2019-03-18 13:50:18', NULL, '2019-03-18 13:50:18', NULL, NULL),
(61101242, 68, 'นาย', 'จักรพงษ์', 'กระต่ายทอง', NULL, '2561', NULL, NULL, '2019-03-18 13:51:50', NULL, '2019-03-18 13:51:50', NULL, NULL),
(61101655, 69, 'นางสาว', 'จุฑาภรณ์', 'พุ่มมณี', NULL, '2561', NULL, NULL, '2019-03-18 13:52:57', NULL, '2019-03-18 13:52:57', NULL, NULL),
(61102299, 70, 'นาย', 'โชติวิชช์', 'วรเดช', NULL, '2561', NULL, NULL, '2019-03-18 13:54:20', NULL, '2019-03-18 13:54:20', NULL, NULL),
(61103776, 71, 'นาย', 'ธิติพงศ์', 'ปุรินสุวรรณ', NULL, '2561', NULL, NULL, '2019-03-18 13:55:39', NULL, '2019-03-18 13:55:39', NULL, NULL),
(61104139, 72, 'นาย', 'นลธวัช', 'แก้วจีน', NULL, '2561', NULL, NULL, '2019-03-18 13:56:34', NULL, '2019-03-18 13:56:34', NULL, NULL),
(61105631, 73, 'นางสาว', 'ปิยมินทร์', 'ใจมา', NULL, '2561', NULL, NULL, '2019-03-18 13:57:43', NULL, '2019-03-18 13:57:43', NULL, NULL),
(61105888, 74, 'นาย', 'พนมกร', 'มหาสวัสดิ์', NULL, '2561', NULL, NULL, '2019-03-18 13:59:08', NULL, '2019-03-18 13:59:08', NULL, NULL),
(61107686, 75, 'นาย', 'วรเมธ', 'ขวัญนิมิตร', NULL, '2561', NULL, NULL, '2019-03-18 13:59:49', NULL, '2019-03-18 13:59:49', NULL, NULL),
(61108262, 76, 'นางสาว', 'ศรินญา', 'คงเส้ง', NULL, '2561', NULL, NULL, '2019-03-18 14:00:47', NULL, '2019-03-18 14:00:47', NULL, NULL),
(61108718, 77, 'นางสาว', 'สจีหัสสา', 'อินทรวิมล', NULL, '2561', NULL, NULL, '2019-03-18 14:01:44', NULL, '2019-03-18 14:01:44', NULL, NULL),
(61111191, 78, 'นางสาว', 'จิราวรรณ', 'ช่วยแก้ว', NULL, '2561', NULL, NULL, '2019-03-18 14:02:57', NULL, '2019-03-18 14:02:57', NULL, NULL),
(61111415, 79, 'นางสาว', 'ชุติมา', 'อนันตกูล', NULL, '2561', NULL, NULL, '2019-03-18 14:03:47', NULL, '2019-03-18 14:03:47', NULL, NULL),
(61113239, 80, 'นาย', 'วิทวัส', 'ช่วยพนัง', NULL, '2561', NULL, NULL, '2019-03-18 14:04:33', NULL, '2019-03-18 14:04:33', NULL, NULL),
(61113403, 81, 'นาย', 'ศิวกร', 'หนักแน่น', NULL, '2561', NULL, NULL, '2019-03-18 14:05:15', NULL, '2019-03-18 14:05:15', NULL, NULL),
(61113619, 82, 'นาย', 'สิทธินนท์', 'เดิมหลิ่ม', NULL, '2561', NULL, NULL, '2019-03-18 14:05:55', NULL, '2019-03-18 14:05:55', NULL, NULL),
(61113858, 83, 'นาย', 'สุวิจักขณ์', 'พิศสุพรรณ', NULL, '2561', NULL, NULL, '2019-03-18 14:07:18', NULL, '2019-04-19 00:49:02', NULL, NULL),
(61115184, 84, 'นาย', 'ก่อกฤษฎิ์', 'อินทิศ', NULL, '2561', NULL, NULL, '2019-03-18 14:07:54', NULL, '2019-03-18 14:07:54', NULL, NULL),
(61115267, 85, 'นางสาว', 'ชนิกานต์', 'พจมานพงศ์', NULL, '2561', NULL, NULL, '2019-03-18 14:08:41', NULL, '2019-03-18 14:08:41', NULL, NULL),
(61116141, 86, 'นาย', 'ณธกร', 'จิระอรรคพงษ์', NULL, '2561', NULL, NULL, '2019-03-18 14:09:30', NULL, '2019-04-19 00:49:04', NULL, NULL),
(61118717, 87, 'นาย', 'รัตธนาตย์', 'รัตนพันธุ์', NULL, '2561', NULL, NULL, '2019-03-18 14:13:06', NULL, '2019-03-18 14:13:06', NULL, NULL),
(61120531, 88, 'นาย', 'ชุมพร', 'แก้วพิทักษ์', NULL, '2561', NULL, NULL, '2019-03-18 14:13:44', NULL, '2019-04-19 00:49:06', NULL, NULL),
(61122516, 66, 'นาย', 'หฤษฎ์', 'คงทอง', NULL, '2561', NULL, NULL, '2019-03-07 12:13:28', NULL, '2019-04-19 00:49:07', NULL, NULL),
(61122685, 89, 'นางสาว', 'สัณห์สินี', 'รักเนียม', NULL, '2561', NULL, NULL, '2019-03-18 14:14:19', NULL, '2019-04-19 10:36:20', NULL, NULL);

-- --------------------------------------------------------

--
-- Table structure for table `teachers`
--

CREATE TABLE `teachers` (
  `id` int(11) NOT NULL,
  `user_id` int(11) NOT NULL,
  `position_id` int(11) NOT NULL,
  `role_id` int(11) NOT NULL,
  `prefix` text COLLATE utf8_unicode_ci NOT NULL,
  `firstname` varchar(100) COLLATE utf8_unicode_ci NOT NULL,
  `lastname` varchar(100) COLLATE utf8_unicode_ci NOT NULL,
  `image` text COLLATE utf8_unicode_ci,
  `tel` varchar(10) COLLATE utf8_unicode_ci NOT NULL,
  `email` varchar(200) COLLATE utf8_unicode_ci NOT NULL,
  `room` varchar(200) COLLATE utf8_unicode_ci NOT NULL,
  `created_at` datetime NOT NULL,
  `created_by` int(11) NOT NULL,
  `updated_at` datetime NOT NULL,
  `updated_by` int(11) NOT NULL,
  `deleted_at` datetime DEFAULT NULL
) ENGINE=InnoDB DEFAULT CHARSET=utf8 COLLATE=utf8_unicode_ci;

--
-- Dumping data for table `teachers`
--

INSERT INTO `teachers` (`id`, `user_id`, `position_id`, `role_id`, `prefix`, `firstname`, `lastname`, `image`, `tel`, `email`, `room`, `created_at`, `created_by`, `updated_at`, `updated_by`, `deleted_at`) VALUES
(8, 55, 2, 2, 'ผู้ช่วยศาสตราจารย์ ดร.', 'ฐิมาพร', 'เพชรแก้ว', NULL, '2275456461', 'pthimapo2@wu.ac.th', 'c3', '2019-01-27 22:34:34', 0, '2019-04-19 00:59:54', 0, NULL),
(9, 56, 3, 3, 'อาจารย์ ดร.', 'กรัณรัตน์', 'ธรรมรักษ์', NULL, '0899999999', 'kanchan.th@wu.ac.th', 'อาคารวิชาการ3', '2019-01-27 22:36:34', 0, '2019-03-07 15:08:18', 0, NULL),
(10, 57, 1, 1, 'นาย', 'ประทีป', 'คงกล้า', NULL, '', 'pra@wu.ac.th', 'ตึกนวัตรกรรม', '2019-01-27 22:37:37', 0, '2019-03-07 15:04:14', 0, NULL),
(11, 58, 2, 2, 'ผู้ช่วยศาสตราจารย์', 'อุหมาด', 'หมัดอาด้ำ', NULL, '0899909099', 'muhamard@wu.ac.th', 'อาคารวิชาการ3', '2019-01-27 22:41:14', 0, '2019-03-07 15:08:19', 0, NULL),
(12, 59, 2, 2, 'อาจารย์ ดร.', 'พุทธิพร', 'ธนธรรมเมธี', NULL, '0800000000', 'putthiporn.th@wu.ac.th', 'อาคารวิชาการ3', '2019-01-27 22:43:19', 0, '2019-03-07 15:08:20', 0, NULL),
(13, 60, 2, 2, 'ผู้ช่วยศาสตราจารย์', 'เยาวเรศ', 'ศิริสถิตย์กุล', NULL, '', 'syaowara@wu.ac.th', 'อาคารวิชาการ3', '2019-01-27 22:44:52', 0, '2019-03-07 15:08:21', 0, NULL),
(14, 146, 1, 1, 'นาย', 'test', 'test', NULL, '0908243820', 'so@hotmail.com', 'c', '2019-03-22 09:37:06', 0, '2019-03-22 09:37:12', 0, '2019-03-22 09:37:12'),
(15, 148, 3, 3, 'ผู้ช่วยศาสตราจารย์ ดร.', 'ประธาน', 'หลักสูตร', NULL, '0908243820', 'sudarat@gmail.com', 'c3', '2019-03-28 15:54:41', 0, '2019-03-28 15:54:41', 0, NULL),
(16, 151, 3, 3, 'ผู้ช่วยศาสตราจารย์ ดร.', 'ชิดชนก', 'ผิวอ่อน', NULL, '', 'a@hotmail.com', 'อาคารวิชาการ3', '2019-04-19 10:37:46', 0, '2019-04-19 10:39:10', 0, NULL);

-- --------------------------------------------------------

--
-- Table structure for table `terms`
--

CREATE TABLE `terms` (
  `year` int(4) NOT NULL,
  `sector` int(1) NOT NULL
) ENGINE=InnoDB DEFAULT CHARSET=utf8 COLLATE=utf8_unicode_ci;

--
-- Dumping data for table `terms`
--

INSERT INTO `terms` (`year`, `sector`) VALUES
(2558, 1),
(2558, 2),
(2558, 3),
(2559, 1),
(2559, 2),
(2559, 3),
(2560, 1),
(2560, 3),
(2561, 1),
(2561, 2),
(2561, 3);

-- --------------------------------------------------------

--
-- Table structure for table `users`
--

CREATE TABLE `users` (
  `id` int(11) NOT NULL,
  `username` varchar(50) COLLATE utf8_unicode_ci NOT NULL,
  `password` varchar(200) COLLATE utf8_unicode_ci NOT NULL,
  `remember_token` text COLLATE utf8_unicode_ci,
  `created_at` datetime NOT NULL DEFAULT '0000-00-00 00:00:00' ON UPDATE CURRENT_TIMESTAMP,
  `created_by` varchar(50) COLLATE utf8_unicode_ci NOT NULL,
  `updated_at` datetime DEFAULT NULL,
  `updated_by` varchar(50) COLLATE utf8_unicode_ci DEFAULT NULL
) ENGINE=InnoDB DEFAULT CHARSET=utf8 COLLATE=utf8_unicode_ci;

--
-- Dumping data for table `users`
--

INSERT INTO `users` (`id`, `username`, `password`, `remember_token`, `created_at`, `created_by`, `updated_at`, `updated_by`) VALUES
(55, 'pthimapo2@wu.ac.th', '$2y$10$LSA1n/xcA4JVRfAuwv9aa.mOtXzTY.rLH9tdqpMSSGXBEe61K6QcS', NULL, '2019-03-07 15:49:05', '', '2019-03-07 15:49:05', NULL),
(56, 'kanchan.th@wu.ac.th', '$2y$10$hcmyFbQ0MOqD9/37bpSREOAYNeWmttQsF770Qp633Z86T6d5WpDWK', 'QCFvm9yMYmfTxOnl55XiB6Hc0CPI9oKy9xeMLPiKuY058xVVZ7RwOM3y6vSc', '2019-04-19 02:48:03', '', '2019-04-19 02:48:03', NULL),
(57, 'pra@wu.ac.th', '$2y$10$A.lILFswamQywIkyiVhEn.eUOH4UkFdOs2MOe2NEN8UkMd78akSey', 'IDtYM3fM5HQTfcXAP137nwOmn1RMnMY5QgELiBDC9VO8SjSP3FDlQ1n94P2u', '2019-04-19 10:40:57', '', '2019-04-19 10:40:57', NULL),
(58, 'muhamard@wu.ac.th', '$2y$10$cjlExpqXoFsdtfqfO8oRxOzGAvxW6VBRhDf1haWT0JvW3i1qH8K0.', NULL, '2019-02-05 12:46:46', '', '2019-02-05 12:46:46', NULL),
(59, 'putthiporn.th@wu.ac.th', '$2y$10$4iixfs8x4vmUj22ktXQMLe22s59bFZZSycs2EJc7XT0m9JXYu51a.', NULL, '2019-02-05 12:43:17', '', '2019-02-05 12:43:17', NULL),
(60, 'syaowara@wu.ac.th', '$2y$10$EE5FpFUInqFHI4JbMxffi.ciyNbmFOifx8G/uwfl7ia9TpvCv3lU2', NULL, '2019-02-05 12:45:12', '', '2019-02-05 12:45:12', NULL),
(66, '61122516', '$2y$10$qiPifv6D/9pgAAKN.v17UOs5MeH1nVh5DoJdft/l.6BNiv.GqDwJK', NULL, '2019-03-07 12:13:28', '', '2019-03-07 12:13:28', NULL),
(67, '61101192', '$2y$10$f.2Sk14HvB/D7AIlRtiJ/eS.pbD/Bf7puOTD2py6bmXryKcbYpJ9e', NULL, '2019-05-04 08:30:07', '', '2019-03-18 13:50:18', NULL),
(68, '61101242', '$2y$10$cJrNHlrQjUuDPSFmk594OeSz1xhWCuJuQMqVZt7t0MmdfszF6wnMG', NULL, '2019-03-18 13:51:50', '', '2019-03-18 13:51:50', NULL),
(69, '61101655', '$2y$10$wgo7Fa6TNYMuEG2jjrHUuum29MeNMfbweQolGLcZDp2h/rIV/8qe6', NULL, '2019-03-18 13:52:57', '', '2019-03-18 13:52:57', NULL),
(70, '61102299', '$2y$10$Fxci0rNfjrCG5CLriTkP.eqPfw2AW11RBT0a8MbQzfZqfxZNscqBC', NULL, '2019-03-18 13:54:20', '', '2019-03-18 13:54:20', NULL),
(71, '61103776', '$2y$10$mZxJXB7mvuGf0h36uGX4zu8oXj3ZfPFthAtPL842snePX08eOtiXq', NULL, '2019-03-18 13:55:39', '', '2019-03-18 13:55:39', NULL),
(72, '61104139', '$2y$10$zWzu.Z3xEgeXRgkakBG/r.vZXp0lUU/xJsbqrE5Wy5YKEy9GooBW2', NULL, '2019-03-18 13:56:34', '', '2019-03-18 13:56:34', NULL),
(73, '61105631', '$2y$10$JldSiDgmo1ZqGUENSiZ4dOEbU3Ox/R9ks.X.Bx0J7Ob/BWGMIUyNa', NULL, '2019-03-18 13:57:42', '', '2019-03-18 13:57:42', NULL),
(74, '61105888', '$2y$10$xHmKTIsUQFLBrUhWYxdOkO5Nnnj5yp54yHSDQlNT0y8OVB3rdiak2', NULL, '2019-03-18 13:59:08', '', '2019-03-18 13:59:08', NULL),
(75, '61107686', '$2y$10$WaDw577JJ8kxslAkXfOMC.tMPYtE7jxn7WOM9UT8TfsxH6bxoGqBq', NULL, '2019-03-18 13:59:49', '', '2019-03-18 13:59:49', NULL),
(76, '61108262', '$2y$10$xLZbNALchlZjGLZt1oqWDOcgSEtZv2ND/wM5qKxCS4sFFXa.WzAdq', NULL, '2019-03-18 14:00:47', '', '2019-03-18 14:00:47', NULL),
(77, '61108718', '$2y$10$oEF6tAJgjQ.3stLskJhClOL4EUekljMsJRfT1f.eAuaANo9tdHafu', NULL, '2019-03-18 14:01:44', '', '2019-03-18 14:01:44', NULL),
(78, '61111191', '$2y$10$mKn4aA9L6K6gkE0o5Fs66esRApC4S4TAzSUXofasVd1CIh5yTg9lO', NULL, '2019-03-18 14:02:57', '', '2019-03-18 14:02:57', NULL),
(79, '61111415', '$2y$10$wy1D8uu1YkSy4eAxZp2H4.m8pccSscjKmvxFyANvE4lWtodKmhqY6', NULL, '2019-03-18 14:03:47', '', '2019-03-18 14:03:47', NULL),
(80, '61113239', '$2y$10$xn97ll14PpetTXaCmxFlKe5oHxfqLSJ0ROWXQFWBL1hPuYk4xXUQ2', NULL, '2019-03-18 14:04:33', '', '2019-03-18 14:04:33', NULL),
(81, '61113403', '$2y$10$ce2tsE29Lz.YundBEpsP3el2fkkjXMLsY3KWgVOBXRaXplPaymJxq', NULL, '2019-03-18 14:05:15', '', '2019-03-18 14:05:15', NULL),
(82, '61113619', '$2y$10$WfWPoWCb6ZbUkohu.iS0j.GV/pK4QLTz28.hSr02NwUZprk8hWmtq', NULL, '2019-03-18 14:05:55', '', '2019-03-18 14:05:55', NULL),
(83, '61113858', '$2y$10$7QC7nRpQjPW.NAKKT0hoaeP5tTtmaeM6H.USUkbYyMQUAISf2mZTK', NULL, '2019-03-18 14:07:18', '', '2019-03-18 14:07:18', NULL),
(84, '61115184', '$2y$10$tDzf.E0MZ5fLcx4JUCOy0um8GDFLj2weGc7UvBKtyfPY.UK3lgJRK', NULL, '2019-03-18 14:07:54', '', '2019-03-18 14:07:54', NULL),
(85, '61115267', '$2y$10$dgM/LgLnY0D/BqHO7WWfbeO.LE0MOd9XeZGmfeXniEkDSCxrFjUDq', NULL, '2019-03-18 14:08:41', '', '2019-03-18 14:08:41', NULL),
(86, '61116141', '$2y$10$ujL4DZ/6w/49V.1/HVqUqOfYfJnSpi/kf0Au6K976kO.RSSVbhG7O', NULL, '2019-03-18 14:09:30', '', '2019-03-18 14:09:30', NULL),
(87, '61118717', '$2y$10$kjix7E9g6YFtnAA2fMwCleaHRa9vynVi6Vl1W410Be0bmzuUW3YnG', NULL, '2019-03-18 14:13:06', '', '2019-03-18 14:13:06', NULL),
(88, '61120531', '$2y$10$o/IZi3AMsZ8YMqtAcVYaVOwIciSId94CwCczhSV7HDR443ZAdMGra', NULL, '2019-03-18 14:13:44', '', '2019-03-18 14:13:44', NULL),
(89, '61122685', '$2y$10$K9o4hhoWYoOwaHKAwZK4uupKoghRfdcBYAMtuE8SRQ49jPcgz5NjC', NULL, '2019-03-18 14:14:19', '', '2019-03-18 14:14:19', NULL),
(91, '60110673', '$2y$10$PERC/7CiOi9FhN08sIkPLeBNL3rnjgUAirmG4UPKv1e/Hd4JXG3Pq', NULL, '2019-03-20 13:22:22', '', '2019-03-20 13:22:22', NULL),
(92, '60110863', '$2y$10$gRtfBnkj9HM1LiuWoh6rK.zImEf3qR.njjDjFU34oS4T9ZzLUEtg2', NULL, '2019-03-20 13:22:57', '', '2019-03-20 13:22:57', NULL),
(93, '60111465', '$2y$10$twdY0.SkdPec./9QA9YYT.rDQXkGDuYNxxcG9/6t2kgAYQI4oO3WC', NULL, '2019-03-20 13:27:26', '', '2019-03-20 13:27:26', NULL),
(94, '60112869', '$2y$10$TEb709aAmWIZcSr7wihiGuxp/aLCQmaDVxgFBk3A0PQw85mlBBCoO', NULL, '2019-03-20 13:28:26', '', '2019-03-20 13:28:26', NULL),
(95, '60113008', '$2y$10$edORuOhTWLBue0R5BT0McOSbtwPDAu3lcGSj7usYU2KFUhLITHj16', NULL, '2019-03-20 13:34:26', '', '2019-03-20 13:34:26', NULL),
(96, '60113479', '$2y$10$ldSLlANzLIL7RGwwMQqgQecw3A/GGsbABcuev7tvxyxgShtWqS9Be', NULL, '2019-03-20 13:35:46', '', '2019-03-20 13:35:46', NULL),
(97, '60113834', '$2y$10$hpsybBLnRIwVOmo5iGksTeoYjq6uc7URVs0N63QKLZneq2W.mEHsy', NULL, '2019-03-20 13:36:23', '', '2019-03-20 13:36:23', NULL),
(98, '60114105', '$2y$10$YTX8Bv09W/IDmEOHvmgSOO7CayRnEtNU6KXQWjP2DIxd4d38vDu7K', NULL, '2019-03-20 13:38:19', '', '2019-03-20 13:38:19', NULL),
(99, '60140365', '$2y$10$Hx31IIq20OXiHW9MciStOeCStVFs60j0s8tgGJcs..cHKHvuZE2R.', NULL, '2019-03-20 13:39:13', '', '2019-03-20 13:39:13', NULL),
(100, '60140852', '$2y$10$.P4NGVpBVAytBrNRo3BoKOV3aWbzUxI9gCeUsb3/u0pygXH0dBl7G', NULL, '2019-03-20 13:41:31', '', '2019-03-20 13:41:31', NULL),
(101, '60141900', '$2y$10$zGiAX0WbLmvSt57RePyo5.JXnKxaCV9Wg6ACr.XETsU/op/JtRh.S', NULL, '2019-03-20 13:41:58', '', '2019-03-20 13:41:58', NULL),
(102, '60144235', '$2y$10$9QETjqZ64nvwlzVLyWLXEe540JdncbClm0n9wQpd0f2U37j3lqhOK', NULL, '2019-03-20 13:42:37', '', '2019-03-20 13:42:37', NULL),
(103, '60144730', '$2y$10$TJhC/hIR3uevpjWynZYk.uuylDQAVoJa5vX72kHY1v5cs61A4aOd2', NULL, '2019-03-20 13:43:08', '', '2019-03-20 13:43:08', NULL),
(104, '60144961', '$2y$10$7PnS5wh.DvRDq/tYoW4EKuNCsu3Q/CUei7QlVba9NI8PVUbrP/9/y', NULL, '2019-03-20 13:43:50', '', '2019-03-20 13:43:50', NULL),
(105, '60146313', '$2y$10$u16ZmP9uEtPF1t0Z9vPZ.OZxQBvCKVLmHLg/oEK1vNy8XHZO7i2IG', NULL, '2019-03-20 13:44:22', '', '2019-03-20 13:44:22', NULL),
(106, '60191053', '$2y$10$NqbT8fsU.oh/vlAG.33Quu/qVWXOFgqtIaQT2z4nq9VwB1T59n97.', NULL, '2019-03-20 13:44:56', '', '2019-03-20 13:44:56', NULL),
(107, '59112557', '$2y$10$9.f7QusOIVq5H/qWz0Jdy.8E7eEvUxTxdIXHpe.u1VITuxapSmbd2', NULL, '2019-03-20 13:56:04', '', '2019-03-20 13:56:04', NULL),
(108, '59113423', '$2y$10$9UygSPs2RwqJWm38hOGRN.nejTonMEKIuD29PJZ9sgFUox.gtpYR.', NULL, '2019-03-20 13:56:36', '', '2019-03-20 13:56:36', NULL),
(109, '59113589', '$2y$10$kY5OzjzlE4QnG1UzI7yaaeI3HYoikoqO6f02p87u3c68YzC2FgfSS', NULL, '2019-03-20 13:57:09', '', '2019-03-20 13:57:09', NULL),
(110, '59114462', '$2y$10$PzWQbc/VsXFnQkWW27UeaOKSIMYP3eUouZntmVXEE.5fqVrfdMSTG', NULL, '2019-03-20 13:57:40', '', '2019-03-20 13:57:40', NULL),
(111, '59114819', '$2y$10$G4cYMS/w.nphNNGAYvqt.e8zkH6WWQkxCavfkRp7c/lDcUtkDmnbe', NULL, '2019-03-20 13:58:22', '', '2019-03-20 13:58:22', NULL),
(112, '59119438', '$2y$10$1yVid4TqbgS4kECWlhahmO0cU3uiCeGPGVdtwoGdTXRosLjkJhxfi', NULL, '2019-03-20 14:01:19', '', '2019-03-20 14:01:19', NULL),
(113, '59119610', '$2y$10$6GgzoDZcCnR8MxIEdnCGs.7W.sX.4Ey98U9nw/gRcnncVnL5qYSsC', NULL, '2019-03-20 14:01:52', '', '2019-03-20 14:01:52', NULL),
(114, '59119941', '$2y$10$j.m7vtjWCpbad/WFM/iuZunXVkDK909/1xGYlssgQjFppaapZ.b2C', NULL, '2019-03-20 14:02:19', '', '2019-03-20 14:02:19', NULL),
(115, '59120535', '$2y$10$uMKBJf92cbhSyQ1c3modAeNbr2oVeDSq6ViMTtebM/TvU/kpr7Pay', NULL, '2019-03-20 14:04:32', '', '2019-03-20 14:04:32', NULL),
(116, '59121368', '$2y$10$qo3cV/n6EbTaq.HXgHFhqed2cEp4Id4lKcNMConR43DCcQRWK2WEG', NULL, '2019-03-20 14:05:09', '', '2019-03-20 14:05:09', NULL),
(117, '59121970', '$2y$10$MR2owH3oGNr6qQa6Zg1MaufgPuBZrQTqUlyji7HTIjX/8lqNuWLUy', NULL, '2019-03-20 14:05:46', '', '2019-03-20 14:05:46', NULL),
(118, '59123570', '$2y$10$Ojf06B2QpR0mMGXGlwLY1.pxf5PVAWSenB/EdhrjKMx0VGbJh8C8e', NULL, '2019-03-20 14:06:41', '', '2019-03-20 14:06:41', NULL),
(119, '59141242', '$2y$10$yDOx1MS0P1.0OdAXHk31n.MDMqewry5kgpsfyVXNB.bPl5XwRMkeW', NULL, '2019-03-20 14:07:11', '', '2019-03-20 14:07:11', NULL),
(120, '59142901', '$2y$10$FAoN.aXTo2RWSPVtnaRDxeJxeR8VBtHllvTDULXAe3rfV10hXURAa', NULL, '2019-03-20 14:07:56', '', '2019-03-20 14:07:56', NULL),
(121, '59145003', '$2y$10$5m8V6Upy1FQqmdaXVIn10OT9PxlsgKgtBtHbTP6bxUn/kGi0ZgKhy', NULL, '2019-03-20 14:08:29', '', '2019-03-20 14:08:29', NULL),
(122, '59145219', '$2y$10$qj7a8UAl6HMY86aUviQyyuOTrBXc3/cGap2fd/tYjkFHbYhUz.GPG', NULL, '2019-03-20 14:17:11', '', '2019-03-20 14:17:11', NULL),
(123, '59147918', '$2y$10$ywApXZ49P95X5g.SxNLeZOw/FqCHIVn8C3B8j4g2KXIfWy2RjJxNG', NULL, '2019-03-20 14:17:44', '', '2019-03-20 14:17:44', NULL),
(124, '58111410', '$2y$10$5.jSdyviBu5Bk8qfylWZIuE5p467SCJjSOV8OVMDZ/kINwhEZNSKK', NULL, '2019-03-20 14:47:26', '', '2019-03-20 14:47:26', NULL),
(125, '58112418', '$2y$10$eTBKnePUMwQfHM3lDk.1KOQw/SlbvZqKb9nqoLCukXKkFmjw5z8UC', NULL, '2019-03-20 14:48:12', '', '2019-03-20 14:48:12', NULL),
(126, '58112970', '$2y$10$Q/58dvMjasKAhWu1un/6nefv4shxcyKhP8LQISn1YtJrdO/iTzGRW', NULL, '2019-03-20 14:49:42', '', '2019-03-20 14:49:42', NULL),
(127, '58113341', '$2y$10$7glADzzNQgCdn7uSJx33AuFOQ/w558qE1jdg.KrcphO5.WOZG7FqK', NULL, '2019-03-20 14:50:37', '', '2019-03-20 14:50:37', NULL),
(128, '58117656', '$2y$10$zurtLlCjJ/swR7rWP4mYc.P0qVt.De9mNsOLjZPjrVCqLWpzRGvYC', NULL, '2019-03-20 14:53:43', '', '2019-03-20 14:53:43', NULL),
(129, '58120379', '$2y$10$8YtEU8nRtnJZbU5MZ/bx5uPPjdCC0pZI8dvQUVSSrCXOr842Y/eiu', NULL, '2019-03-20 14:54:32', '', '2019-03-20 14:54:32', NULL),
(130, '58121435', '$2y$10$gVfkcO.hZifdDtC8n8fAp.jLQ1M7UF3h7faO2dz.wfw7jka.rDK9S', NULL, '2019-03-20 15:08:21', '', '2019-03-20 15:08:21', NULL),
(131, '58121856', '$2y$10$FxJb1Pg.6XYUvS69cv8LZ.QDY.Pktj6snwJxhCTdtFdBaA/2paI.q', NULL, '2019-03-20 15:12:38', '', '2019-03-20 15:12:38', NULL),
(132, '58122516', '$2y$10$OoQBQVHczpsvC63F4jwU6O4D37L5TMdHGXnkFreB3uywLQS4JFeoa', NULL, '2019-03-20 15:13:04', '', '2019-03-20 15:13:04', NULL),
(133, '58140500', '$2y$10$.s6KQnrWaetdOr/iVxVysODfYcjverLVmVdBV982GrkLMN0QimLTC', NULL, '2019-03-20 15:14:53', '', '2019-03-20 15:14:53', NULL),
(134, '58141623', '$2y$10$oc26yfOfFkieqsFaBkWHceOyvVVAdTPIuF..VQBDksq4AFAVS6ESy', NULL, '2019-03-20 15:17:09', '', '2019-03-20 15:17:09', NULL),
(135, '58142753', '$2y$10$sqFtKPxT5avTzprxt8vpveZhN8ENR7LSETBJAW7So67WAMK1Y8odO', NULL, '2019-03-20 15:17:42', '', '2019-03-20 15:17:42', NULL),
(136, '58143033', '$2y$10$vLQqh0OMaNt9YzWzuj38deKOJQNEuvO9QJzyDA3CZBlA.BrgEWVSa', NULL, '2019-03-20 15:18:26', '', '2019-03-20 15:18:26', NULL),
(137, '58143900', '$2y$10$ObqGUXhBvN01JIJOFpjJ6O79JeycE2fMpdacGznr5Mm3m.HKJpB6K', NULL, '2019-03-20 15:19:01', '', '2019-03-20 15:19:01', NULL),
(138, '58144239', '$2y$10$e6eT4A1kyezMObkY6LjN9.k77hp01/yfv.pH0c6/3saz6gs910OaK', NULL, '2019-03-20 15:21:56', '', '2019-03-20 15:21:56', NULL),
(139, '58144924', '$2y$10$F42q9jdgMeUHvY7b2e9SAuWIilD2ejuEL2QAoALp/WOivGLjR.pwa', NULL, '2019-03-20 15:23:25', '', '2019-03-20 15:23:25', NULL),
(140, '58145236', '$2y$10$j3smWe8pGVq50SQQ6FzKTeCNQ7vCXj6U8EFlKBq2HKCBElx.lscQa', NULL, '2019-03-20 15:33:48', '', '2019-03-20 15:33:48', NULL),
(141, '58147406', '$2y$10$CSj.RuMd37.8tvjxnjwHZ.cVk7R7Rrv0qnM82ksNCiBUjd5OkRr6O', NULL, '2019-03-20 15:34:35', '', '2019-03-20 15:34:35', NULL),
(142, '58148602', '$2y$10$YMsiqTwrXF66afM15qMhJuRH9o3lVPnxfRR69zv6KXuL6s.dqSM3O', NULL, '2019-03-20 15:35:05', '', '2019-03-20 15:35:05', NULL),
(143, '58149840', '$2y$10$XYULxUeeHYh7ZMQp50A9XuySsdwPprq4Fr05kdzlBtlhZUQXwj9zi', NULL, '2019-03-20 15:35:35', '', '2019-03-20 15:35:35', NULL),
(144, '58162660', '$2y$10$K53Suyg5IQXmOCfWh3P0MOQcnVPhD3lzVTymnR8fN3Gg3AmSOYnuK', NULL, '2019-03-20 15:36:01', '', '2019-03-20 15:36:01', NULL),
(145, '58162694', '$2y$10$C43NLF8N3wQRy5chFa7vouqS9OnTrSoZpdGX5jMQruAp4lhowujci', NULL, '2019-03-20 15:36:32', '', '2019-03-20 15:36:32', NULL),
(146, 'so@hotmail.com', '$2y$10$IOgs5yFOUtJfDwhevADNmem.ZpcQ7vcpjT2QSxOQ2ARV5fu9wCr.m', NULL, '2019-03-22 09:37:06', '', '2019-03-22 09:37:06', NULL),
(147, '12345678', '$2y$10$SQxmhTbnq2XNeUuaWlhHSOtj6s1BKDR1Hiv9Zv.QyI0.rjAr/cwZq', NULL, '2019-03-22 09:37:55', '', '2019-03-22 09:37:55', NULL),
(148, 'sudarat@gmail.com', '$2y$10$wPcnfqLfGUVLDjteuZZe4.i1kpMS7gjhjhO99wtv7Fa.LbTs574Nu', 'MklQHYxP0pXuBfKWW77vEt7E1dhSnBGWhj2nUXBaLuMKYC48HxFf3eJgvPGh', '2019-03-31 17:27:00', '', '2019-03-31 17:27:00', NULL),
(149, '58111111', '$2y$10$R/p7.fWz8qB1tSpQgbM52.wD2wNcUOgdM5jgPVL.NPOxIDon2B8aW', NULL, '2019-04-19 02:58:05', '', '2019-04-19 02:58:05', NULL),
(150, '58888888', '$2y$10$5zogpecaUCujbLRA/SqLjeYyus.OMZY/hT0j6K2njYNJgUlnR9aE2', NULL, '2019-04-19 10:33:57', '', '2019-04-19 10:33:57', NULL),
(151, 'a@hotmail.com', '$2y$10$L3Qjr7JxNBUkgQaVEa1G9uqZfUwOIjd57gK6SFrpG5ex8OXH5mPxi', NULL, '2019-04-19 10:37:46', '', '2019-04-19 10:37:46', NULL);

--
-- Indexes for dumped tables
--

--
-- Indexes for table `activity`
--
ALTER TABLE `activity`
  ADD PRIMARY KEY (`id`),
  ADD KEY `created_by` (`created_by`),
  ADD KEY `updated_by` (`updated_by`);

--
-- Indexes for table `activity_details`
--
ALTER TABLE `activity_details`
  ADD PRIMARY KEY (`id`),
  ADD KEY `term_year` (`term_year`,`term_sector`),
  ADD KEY `created_by` (`created_by`),
  ADD KEY `updated_by` (`updated_by`),
  ADD KEY `activity_id` (`activity_id`);

--
-- Indexes for table `albumactivity`
--
ALTER TABLE `albumactivity`
  ADD PRIMARY KEY (`id`);

--
-- Indexes for table `albumactivitydetail`
--
ALTER TABLE `albumactivitydetail`
  ADD PRIMARY KEY (`id`);

--
-- Indexes for table `participations`
--
ALTER TABLE `participations`
  ADD PRIMARY KEY (`id`),
  ADD KEY `student_id` (`student_id`),
  ADD KEY `activity_detail_id` (`activity_detail_id`);

--
-- Indexes for table `positions`
--
ALTER TABLE `positions`
  ADD PRIMARY KEY (`id`);

--
-- Indexes for table `rank_checks`
--
ALTER TABLE `rank_checks`
  ADD PRIMARY KEY (`id`),
  ADD KEY `participation_id` (`participation_id`);

--
-- Indexes for table `responsibilities`
--
ALTER TABLE `responsibilities`
  ADD PRIMARY KEY (`id`),
  ADD KEY `teacher_id` (`teacher_id`),
  ADD KEY `activity_detail_id` (`activity_detail_id`);

--
-- Indexes for table `roles`
--
ALTER TABLE `roles`
  ADD PRIMARY KEY (`id`);

--
-- Indexes for table `students`
--
ALTER TABLE `students`
  ADD PRIMARY KEY (`id`),
  ADD KEY `user_id` (`user_id`);

--
-- Indexes for table `teachers`
--
ALTER TABLE `teachers`
  ADD PRIMARY KEY (`id`),
  ADD KEY `user_id` (`user_id`),
  ADD KEY `position_id` (`position_id`),
  ADD KEY `role_id` (`role_id`);

--
-- Indexes for table `terms`
--
ALTER TABLE `terms`
  ADD PRIMARY KEY (`year`,`sector`);

--
-- Indexes for table `users`
--
ALTER TABLE `users`
  ADD PRIMARY KEY (`id`);

--
-- AUTO_INCREMENT for dumped tables
--

--
-- AUTO_INCREMENT for table `activity`
--
ALTER TABLE `activity`
  MODIFY `id` int(11) NOT NULL AUTO_INCREMENT, AUTO_INCREMENT=86;

--
-- AUTO_INCREMENT for table `activity_details`
--
ALTER TABLE `activity_details`
  MODIFY `id` int(11) NOT NULL AUTO_INCREMENT, AUTO_INCREMENT=14;

--
-- AUTO_INCREMENT for table `albumactivity`
--
ALTER TABLE `albumactivity`
  MODIFY `id` int(11) NOT NULL AUTO_INCREMENT;

--
-- AUTO_INCREMENT for table `participations`
--
ALTER TABLE `participations`
  MODIFY `id` int(11) NOT NULL AUTO_INCREMENT, AUTO_INCREMENT=796;

--
-- AUTO_INCREMENT for table `positions`
--
ALTER TABLE `positions`
  MODIFY `id` int(11) NOT NULL AUTO_INCREMENT, AUTO_INCREMENT=4;

--
-- AUTO_INCREMENT for table `rank_checks`
--
ALTER TABLE `rank_checks`
  MODIFY `id` int(11) NOT NULL AUTO_INCREMENT, AUTO_INCREMENT=4651;

--
-- AUTO_INCREMENT for table `responsibilities`
--
ALTER TABLE `responsibilities`
  MODIFY `id` int(11) NOT NULL AUTO_INCREMENT, AUTO_INCREMENT=55;

--
-- AUTO_INCREMENT for table `roles`
--
ALTER TABLE `roles`
  MODIFY `id` int(11) NOT NULL AUTO_INCREMENT, AUTO_INCREMENT=4;

--
-- AUTO_INCREMENT for table `teachers`
--
ALTER TABLE `teachers`
  MODIFY `id` int(11) NOT NULL AUTO_INCREMENT, AUTO_INCREMENT=17;

--
-- AUTO_INCREMENT for table `users`
--
ALTER TABLE `users`
  MODIFY `id` int(11) NOT NULL AUTO_INCREMENT, AUTO_INCREMENT=152;
COMMIT;

/*!40101 SET CHARACTER_SET_CLIENT=@OLD_CHARACTER_SET_CLIENT */;
/*!40101 SET CHARACTER_SET_RESULTS=@OLD_CHARACTER_SET_RESULTS */;
/*!40101 SET COLLATION_CONNECTION=@OLD_COLLATION_CONNECTION */;
