-- Adminer 4.6.1 MySQL dump

SET NAMES utf8;
SET time_zone = '+00:00';
SET foreign_key_checks = 0;
SET sql_mode = 'NO_AUTO_VALUE_ON_ZERO';

DROP DATABASE IF EXISTS `activity`;
CREATE DATABASE `activity` /*!40100 DEFAULT CHARACTER SET utf8 COLLATE utf8_unicode_ci */;
USE `activity`;

DROP TABLE IF EXISTS `activity`;
CREATE TABLE `activity` (
  `id` int(11) NOT NULL AUTO_INCREMENT,
  `name` char(255) COLLATE utf8_unicode_ci NOT NULL,
  `description` text COLLATE utf8_unicode_ci NOT NULL,
  `image` text COLLATE utf8_unicode_ci,
  `created_at` datetime NOT NULL,
  `created_by` int(11) NOT NULL,
  `updated_at` datetime NOT NULL,
  `updated_by` int(11) NOT NULL,
  PRIMARY KEY (`id`),
  KEY `created_by` (`created_by`),
  KEY `updated_by` (`updated_by`),
  CONSTRAINT `activity_ibfk_1` FOREIGN KEY (`created_by`) REFERENCES `users` (`id`),
  CONSTRAINT `activity_ibfk_2` FOREIGN KEY (`updated_by`) REFERENCES `users` (`id`)
) ENGINE=InnoDB DEFAULT CHARSET=utf8 COLLATE=utf8_unicode_ci;

INSERT INTO `activity` (`id`, `name`, `description`, `image`, `created_at`, `created_by`, `updated_at`, `updated_by`) VALUES
(60,	'ค่ายธรรมมะสวัสดี4ชั้นปีจ้า',	'<p>แจ้ง นศ. ทุกชั้นปี ต้องเข้าร่วมกิจกรรมนะคะ</p>',	'assets/upload/image/11825220_867411680001867_6321219218084251301_n.jpg',	'2019-03-28 15:56:46',	148,	'2019-03-28 20:21:00',	57),
(63,	'test activity',	'<p><br></p>',	NULL,	'2019-03-28 20:23:59',	56,	'2019-03-28 20:23:59',	56),
(64,	'เทส กิจกรรม',	'<p><br></p>',	NULL,	'2019-03-31 17:24:38',	148,	'2019-03-31 17:24:38',	148),
(65,	'เทส กิจกรรม',	'<p><br></p>',	NULL,	'2019-03-31 17:24:39',	148,	'2019-03-31 17:24:39',	148),
(69,	'a',	'<p>a</p>',	NULL,	'2019-04-03 21:54:24',	56,	'2019-04-03 21:54:24',	56),
(70,	'test123',	'<p><br></p>',	NULL,	'2019-04-04 10:40:12',	56,	'2019-04-04 10:40:12',	56),
(71,	' อบรม123',	'<p><br></p>',	NULL,	'2019-04-04 10:48:57',	56,	'2019-04-04 10:48:57',	56);

DROP TABLE IF EXISTS `activity_details`;
CREATE TABLE `activity_details` (
  `id` int(11) NOT NULL AUTO_INCREMENT,
  `activity_id` int(11) NOT NULL,
  `day_start` date NOT NULL,
  `day_end` date NOT NULL,
  `time_start` time NOT NULL,
  `time_end` time NOT NULL,
  `term_year` int(11) NOT NULL,
  `term_sector` int(11) NOT NULL,
  `location` text COLLATE utf8_unicode_ci NOT NULL,
  `created_at` datetime NOT NULL DEFAULT '0000-00-00 00:00:00' ON UPDATE CURRENT_TIMESTAMP,
  `created_by` int(11) NOT NULL,
  `updated_at` datetime NOT NULL DEFAULT '0000-00-00 00:00:00' ON UPDATE CURRENT_TIMESTAMP,
  `updated_by` int(11) NOT NULL,
  PRIMARY KEY (`id`),
  KEY `term_year` (`term_year`,`term_sector`),
  KEY `created_by` (`created_by`),
  KEY `updated_by` (`updated_by`),
  KEY `activity_id` (`activity_id`),
  CONSTRAINT `activity_details_ibfk_1` FOREIGN KEY (`term_year`, `term_sector`) REFERENCES `terms` (`year`, `sector`),
  CONSTRAINT `activity_details_ibfk_3` FOREIGN KEY (`created_by`) REFERENCES `users` (`id`),
  CONSTRAINT `activity_details_ibfk_4` FOREIGN KEY (`updated_by`) REFERENCES `users` (`id`),
  CONSTRAINT `activity_details_ibfk_5` FOREIGN KEY (`activity_id`) REFERENCES `activity` (`id`) ON DELETE CASCADE
) ENGINE=InnoDB DEFAULT CHARSET=utf8 COLLATE=utf8_unicode_ci;

INSERT INTO `activity_details` (`id`, `activity_id`, `day_start`, `day_end`, `time_start`, `time_end`, `term_year`, `term_sector`, `location`, `created_at`, `created_by`, `updated_at`, `updated_by`) VALUES
(1,	63,	'2019-03-29',	'2019-03-31',	'08:00:00',	'16:00:00',	2561,	3,	'อาคารนวัตกรรม',	'2019-03-28 20:24:30',	56,	'2019-03-28 20:24:30',	56),
(2,	65,	'2019-04-01',	'2019-04-06',	'08:00:00',	'16:00:00',	2561,	3,	'อาคารนวัตกรรม',	'2019-03-31 17:25:33',	148,	'2019-03-31 17:25:33',	148),
(4,	70,	'2019-04-14',	'2019-04-20',	'08:00:00',	'16:00:00',	2561,	1,	'อาคารนวัตกรรม',	'2019-04-04 10:45:32',	56,	'2019-04-04 10:45:32',	56),
(5,	71,	'2019-04-26',	'2019-04-27',	'08:00:00',	'16:00:00',	2561,	1,	'อาคารนวัตกรรม',	'2019-04-04 10:53:50',	56,	'2019-04-04 10:53:50',	56);

DROP TABLE IF EXISTS `albumactivity`;
CREATE TABLE `albumactivity` (
  `id` int(11) NOT NULL AUTO_INCREMENT,
  `activityID` int(11) DEFAULT NULL,
  `albumName` varchar(255) DEFAULT NULL,
  `created_at` datetime DEFAULT NULL,
  `updated_at` datetime DEFAULT NULL,
  PRIMARY KEY (`id`)
) ENGINE=InnoDB DEFAULT CHARSET=utf8;


DROP TABLE IF EXISTS `albumactivitydetail`;
CREATE TABLE `albumactivitydetail` (
  `id` int(11) NOT NULL,
  `albumID` int(11) DEFAULT NULL,
  `file_path` varchar(255) DEFAULT NULL,
  `name_file` varchar(255) DEFAULT NULL,
  PRIMARY KEY (`id`)
) ENGINE=InnoDB DEFAULT CHARSET=utf8;


DROP TABLE IF EXISTS `participations`;
CREATE TABLE `participations` (
  `id` int(11) NOT NULL AUTO_INCREMENT,
  `activity_detail_id` int(11) DEFAULT NULL,
  `student_id` int(11) DEFAULT NULL,
  PRIMARY KEY (`id`),
  KEY `student_id` (`student_id`),
  KEY `activity_detail_id` (`activity_detail_id`),
  CONSTRAINT `participations_ibfk_2` FOREIGN KEY (`student_id`) REFERENCES `students` (`id`),
  CONSTRAINT `participations_ibfk_4` FOREIGN KEY (`activity_detail_id`) REFERENCES `activity_details` (`id`) ON DELETE CASCADE
) ENGINE=InnoDB DEFAULT CHARSET=utf8;

INSERT INTO `participations` (`id`, `activity_detail_id`, `student_id`) VALUES
(1,	1,	58111410),
(2,	1,	58112418),
(3,	1,	58112970),
(4,	1,	58113341),
(5,	1,	58117656),
(6,	1,	58120379),
(7,	1,	58121435),
(8,	1,	58121856),
(9,	1,	58122516),
(10,	1,	58140500),
(11,	1,	58141623),
(12,	1,	58142753),
(13,	1,	58143033),
(14,	1,	58143900),
(15,	1,	58144239),
(16,	1,	58144924),
(17,	1,	58145236),
(18,	1,	58147406),
(19,	1,	58148602),
(20,	1,	58149840),
(21,	1,	58162660),
(22,	1,	58162694),
(23,	1,	59112557),
(24,	1,	59113423),
(25,	1,	59113589),
(26,	1,	59114462),
(27,	1,	59114819),
(28,	1,	59119438),
(29,	1,	59119610),
(30,	1,	59119941),
(31,	1,	59120535),
(32,	1,	59121368),
(33,	1,	59121970),
(34,	1,	59123570),
(35,	1,	59141242),
(36,	1,	59142901),
(37,	1,	59145003),
(38,	1,	59145219),
(39,	1,	59147918),
(40,	1,	60110673),
(41,	1,	60110863),
(42,	1,	60111465),
(43,	1,	60112869),
(44,	1,	60113008),
(45,	1,	60113479),
(46,	1,	60113834),
(47,	1,	60114105),
(48,	1,	60140365),
(49,	1,	60140852),
(50,	1,	60141900),
(51,	1,	60144235),
(52,	1,	60144730),
(53,	1,	60144961),
(54,	1,	60146313),
(55,	1,	60191053),
(56,	1,	61101192),
(57,	1,	61101242),
(58,	1,	61101655),
(59,	1,	61102299),
(60,	1,	61103776),
(61,	1,	61104139),
(62,	1,	61105631),
(63,	1,	61105888),
(64,	1,	61107686),
(65,	1,	61108262),
(66,	1,	61108718),
(67,	1,	61111191),
(68,	1,	61111415),
(69,	1,	61113239),
(70,	1,	61113403),
(71,	1,	61113619),
(72,	1,	61113858),
(73,	1,	61115184),
(74,	1,	61115267),
(75,	1,	61116141),
(76,	1,	61118717),
(77,	1,	61120531),
(78,	1,	61122685),
(79,	2,	58111410),
(80,	2,	58112418),
(81,	2,	58112970),
(82,	2,	58113341),
(83,	2,	58117656),
(84,	2,	58120379),
(85,	2,	58121435),
(86,	2,	58121856),
(87,	2,	58122516),
(88,	2,	58140500),
(89,	2,	58141623),
(90,	2,	58142753),
(91,	2,	58143033),
(92,	2,	58143900),
(93,	2,	58144239),
(94,	2,	58144924),
(95,	2,	58145236),
(96,	2,	58147406),
(97,	2,	58148602),
(98,	2,	58149840),
(99,	2,	58162660),
(100,	2,	58162694),
(179,	4,	60110673),
(180,	4,	60110863),
(181,	4,	60111465),
(182,	4,	60112869),
(183,	4,	60113008),
(184,	4,	60113479),
(185,	4,	60113834),
(186,	4,	60114105),
(187,	4,	60140365),
(188,	4,	60140852),
(189,	4,	60141900),
(190,	4,	60144235),
(191,	4,	60144730),
(192,	4,	60144961),
(193,	4,	60146313),
(194,	4,	60191053),
(195,	4,	61101192),
(196,	4,	61101242),
(197,	4,	61101655),
(198,	4,	61102299),
(199,	4,	61103776),
(200,	4,	61104139),
(201,	4,	61105631),
(202,	4,	61105888),
(203,	4,	61107686),
(204,	4,	61108262),
(205,	4,	61108718),
(206,	4,	61111191),
(207,	4,	61111415),
(208,	4,	61113239),
(209,	4,	61113403),
(210,	4,	61113619),
(211,	4,	61113858),
(212,	4,	61115184),
(213,	4,	61115267),
(214,	4,	61116141),
(215,	4,	61118717),
(216,	4,	61120531),
(217,	4,	61122685),
(258,	5,	60110673),
(259,	5,	60110863),
(260,	5,	60111465),
(261,	5,	60112869),
(262,	5,	60113008),
(263,	5,	60113479),
(264,	5,	60113834),
(265,	5,	60114105),
(266,	5,	60140365),
(267,	5,	60140852),
(268,	5,	60141900),
(269,	5,	60144235),
(270,	5,	60144730),
(271,	5,	60144961),
(272,	5,	60146313),
(273,	5,	60191053);

DROP TABLE IF EXISTS `positions`;
CREATE TABLE `positions` (
  `id` int(11) NOT NULL AUTO_INCREMENT,
  `name` varchar(255) DEFAULT NULL,
  `created_at` datetime NOT NULL,
  `updated_at` datetime NOT NULL,
  PRIMARY KEY (`id`)
) ENGINE=InnoDB DEFAULT CHARSET=utf8;

INSERT INTO `positions` (`id`, `name`, `created_at`, `updated_at`) VALUES
(1,	'นักวิชาการ',	'2019-01-09 23:04:35',	'2019-01-24 19:45:47'),
(2,	'อาจารย์',	'2019-01-24 19:45:32',	'2019-01-24 19:45:32'),
(3,	'ประธานหลักสูตร',	'2019-01-09 23:05:16',	'2019-01-09 23:05:20');

DROP TABLE IF EXISTS `rank_checks`;
CREATE TABLE `rank_checks` (
  `id` int(11) NOT NULL AUTO_INCREMENT,
  `participation_id` int(11) NOT NULL,
  `date_check` date NOT NULL,
  `time` text COLLATE utf8_unicode_ci NOT NULL,
  `status` int(1) NOT NULL DEFAULT '0',
  PRIMARY KEY (`id`),
  KEY `participation_id` (`participation_id`),
  CONSTRAINT `rank_checks_ibfk_3` FOREIGN KEY (`participation_id`) REFERENCES `participations` (`id`) ON DELETE CASCADE
) ENGINE=InnoDB DEFAULT CHARSET=utf8 COLLATE=utf8_unicode_ci;

INSERT INTO `rank_checks` (`id`, `participation_id`, `date_check`, `time`, `status`) VALUES
(1,	1,	'2019-03-29',	'เช้า',	0),
(2,	1,	'2019-03-29',	'บ่าย',	0),
(3,	1,	'2019-03-30',	'เช้า',	0),
(4,	1,	'2019-03-30',	'บ่าย',	0),
(5,	1,	'2019-03-31',	'เช้า',	0),
(6,	1,	'2019-03-31',	'บ่าย',	0),
(7,	2,	'2019-03-29',	'เช้า',	0),
(8,	2,	'2019-03-29',	'บ่าย',	0),
(9,	2,	'2019-03-30',	'เช้า',	0),
(10,	2,	'2019-03-30',	'บ่าย',	0),
(11,	2,	'2019-03-31',	'เช้า',	0),
(12,	2,	'2019-03-31',	'บ่าย',	0),
(13,	3,	'2019-03-29',	'เช้า',	0),
(14,	3,	'2019-03-29',	'บ่าย',	0),
(15,	3,	'2019-03-30',	'เช้า',	0),
(16,	3,	'2019-03-30',	'บ่าย',	0),
(17,	3,	'2019-03-31',	'เช้า',	0),
(18,	3,	'2019-03-31',	'บ่าย',	0),
(19,	4,	'2019-03-29',	'เช้า',	0),
(20,	4,	'2019-03-29',	'บ่าย',	0),
(21,	4,	'2019-03-30',	'เช้า',	0),
(22,	4,	'2019-03-30',	'บ่าย',	0),
(23,	4,	'2019-03-31',	'เช้า',	0),
(24,	4,	'2019-03-31',	'บ่าย',	0),
(25,	5,	'2019-03-29',	'เช้า',	0),
(26,	5,	'2019-03-29',	'บ่าย',	0),
(27,	5,	'2019-03-30',	'เช้า',	0),
(28,	5,	'2019-03-30',	'บ่าย',	0),
(29,	5,	'2019-03-31',	'เช้า',	0),
(30,	5,	'2019-03-31',	'บ่าย',	0),
(31,	6,	'2019-03-29',	'เช้า',	0),
(32,	6,	'2019-03-29',	'บ่าย',	0),
(33,	6,	'2019-03-30',	'เช้า',	0),
(34,	6,	'2019-03-30',	'บ่าย',	0),
(35,	6,	'2019-03-31',	'เช้า',	0),
(36,	6,	'2019-03-31',	'บ่าย',	0),
(37,	7,	'2019-03-29',	'เช้า',	0),
(38,	7,	'2019-03-29',	'บ่าย',	0),
(39,	7,	'2019-03-30',	'เช้า',	0),
(40,	7,	'2019-03-30',	'บ่าย',	0),
(41,	7,	'2019-03-31',	'เช้า',	0),
(42,	7,	'2019-03-31',	'บ่าย',	0),
(43,	8,	'2019-03-29',	'เช้า',	0),
(44,	8,	'2019-03-29',	'บ่าย',	0),
(45,	8,	'2019-03-30',	'เช้า',	0),
(46,	8,	'2019-03-30',	'บ่าย',	0),
(47,	8,	'2019-03-31',	'เช้า',	0),
(48,	8,	'2019-03-31',	'บ่าย',	0),
(49,	9,	'2019-03-29',	'เช้า',	0),
(50,	9,	'2019-03-29',	'บ่าย',	0),
(51,	9,	'2019-03-30',	'เช้า',	0),
(52,	9,	'2019-03-30',	'บ่าย',	0),
(53,	9,	'2019-03-31',	'เช้า',	0),
(54,	9,	'2019-03-31',	'บ่าย',	0),
(55,	10,	'2019-03-29',	'เช้า',	0),
(56,	10,	'2019-03-29',	'บ่าย',	0),
(57,	10,	'2019-03-30',	'เช้า',	0),
(58,	10,	'2019-03-30',	'บ่าย',	0),
(59,	10,	'2019-03-31',	'เช้า',	0),
(60,	10,	'2019-03-31',	'บ่าย',	0),
(61,	11,	'2019-03-29',	'เช้า',	0),
(62,	11,	'2019-03-29',	'บ่าย',	0),
(63,	11,	'2019-03-30',	'เช้า',	0),
(64,	11,	'2019-03-30',	'บ่าย',	0),
(65,	11,	'2019-03-31',	'เช้า',	0),
(66,	11,	'2019-03-31',	'บ่าย',	0),
(67,	12,	'2019-03-29',	'เช้า',	0),
(68,	12,	'2019-03-29',	'บ่าย',	0),
(69,	12,	'2019-03-30',	'เช้า',	0),
(70,	12,	'2019-03-30',	'บ่าย',	0),
(71,	12,	'2019-03-31',	'เช้า',	0),
(72,	12,	'2019-03-31',	'บ่าย',	0),
(73,	13,	'2019-03-29',	'เช้า',	0),
(74,	13,	'2019-03-29',	'บ่าย',	0),
(75,	13,	'2019-03-30',	'เช้า',	0),
(76,	13,	'2019-03-30',	'บ่าย',	0),
(77,	13,	'2019-03-31',	'เช้า',	0),
(78,	13,	'2019-03-31',	'บ่าย',	0),
(79,	14,	'2019-03-29',	'เช้า',	0),
(80,	14,	'2019-03-29',	'บ่าย',	0),
(81,	14,	'2019-03-30',	'เช้า',	0),
(82,	14,	'2019-03-30',	'บ่าย',	0),
(83,	14,	'2019-03-31',	'เช้า',	0),
(84,	14,	'2019-03-31',	'บ่าย',	0),
(85,	15,	'2019-03-29',	'เช้า',	0),
(86,	15,	'2019-03-29',	'บ่าย',	0),
(87,	15,	'2019-03-30',	'เช้า',	0),
(88,	15,	'2019-03-30',	'บ่าย',	0),
(89,	15,	'2019-03-31',	'เช้า',	0),
(90,	15,	'2019-03-31',	'บ่าย',	0),
(91,	16,	'2019-03-29',	'เช้า',	0),
(92,	16,	'2019-03-29',	'บ่าย',	0),
(93,	16,	'2019-03-30',	'เช้า',	0),
(94,	16,	'2019-03-30',	'บ่าย',	0),
(95,	16,	'2019-03-31',	'เช้า',	0),
(96,	16,	'2019-03-31',	'บ่าย',	0),
(97,	17,	'2019-03-29',	'เช้า',	0),
(98,	17,	'2019-03-29',	'บ่าย',	0),
(99,	17,	'2019-03-30',	'เช้า',	0),
(100,	17,	'2019-03-30',	'บ่าย',	0),
(101,	17,	'2019-03-31',	'เช้า',	0),
(102,	17,	'2019-03-31',	'บ่าย',	0),
(103,	18,	'2019-03-29',	'เช้า',	0),
(104,	18,	'2019-03-29',	'บ่าย',	0),
(105,	18,	'2019-03-30',	'เช้า',	0),
(106,	18,	'2019-03-30',	'บ่าย',	0),
(107,	18,	'2019-03-31',	'เช้า',	0),
(108,	18,	'2019-03-31',	'บ่าย',	0),
(109,	19,	'2019-03-29',	'เช้า',	0),
(110,	19,	'2019-03-29',	'บ่าย',	0),
(111,	19,	'2019-03-30',	'เช้า',	0),
(112,	19,	'2019-03-30',	'บ่าย',	0),
(113,	19,	'2019-03-31',	'เช้า',	0),
(114,	19,	'2019-03-31',	'บ่าย',	0),
(115,	20,	'2019-03-29',	'เช้า',	0),
(116,	20,	'2019-03-29',	'บ่าย',	0),
(117,	20,	'2019-03-30',	'เช้า',	0),
(118,	20,	'2019-03-30',	'บ่าย',	0),
(119,	20,	'2019-03-31',	'เช้า',	0),
(120,	20,	'2019-03-31',	'บ่าย',	0),
(121,	21,	'2019-03-29',	'เช้า',	0),
(122,	21,	'2019-03-29',	'บ่าย',	0),
(123,	21,	'2019-03-30',	'เช้า',	0),
(124,	21,	'2019-03-30',	'บ่าย',	0),
(125,	21,	'2019-03-31',	'เช้า',	0),
(126,	21,	'2019-03-31',	'บ่าย',	0),
(127,	22,	'2019-03-29',	'เช้า',	0),
(128,	22,	'2019-03-29',	'บ่าย',	0),
(129,	22,	'2019-03-30',	'เช้า',	0),
(130,	22,	'2019-03-30',	'บ่าย',	0),
(131,	22,	'2019-03-31',	'เช้า',	0),
(132,	22,	'2019-03-31',	'บ่าย',	0),
(133,	23,	'2019-03-29',	'เช้า',	0),
(134,	23,	'2019-03-29',	'บ่าย',	0),
(135,	23,	'2019-03-30',	'เช้า',	0),
(136,	23,	'2019-03-30',	'บ่าย',	0),
(137,	23,	'2019-03-31',	'เช้า',	0),
(138,	23,	'2019-03-31',	'บ่าย',	0),
(139,	24,	'2019-03-29',	'เช้า',	0),
(140,	24,	'2019-03-29',	'บ่าย',	0),
(141,	24,	'2019-03-30',	'เช้า',	0),
(142,	24,	'2019-03-30',	'บ่าย',	0),
(143,	24,	'2019-03-31',	'เช้า',	0),
(144,	24,	'2019-03-31',	'บ่าย',	0),
(145,	25,	'2019-03-29',	'เช้า',	0),
(146,	25,	'2019-03-29',	'บ่าย',	0),
(147,	25,	'2019-03-30',	'เช้า',	0),
(148,	25,	'2019-03-30',	'บ่าย',	0),
(149,	25,	'2019-03-31',	'เช้า',	0),
(150,	25,	'2019-03-31',	'บ่าย',	0),
(151,	26,	'2019-03-29',	'เช้า',	0),
(152,	26,	'2019-03-29',	'บ่าย',	0),
(153,	26,	'2019-03-30',	'เช้า',	0),
(154,	26,	'2019-03-30',	'บ่าย',	0),
(155,	26,	'2019-03-31',	'เช้า',	0),
(156,	26,	'2019-03-31',	'บ่าย',	0),
(157,	27,	'2019-03-29',	'เช้า',	0),
(158,	27,	'2019-03-29',	'บ่าย',	0),
(159,	27,	'2019-03-30',	'เช้า',	0),
(160,	27,	'2019-03-30',	'บ่าย',	0),
(161,	27,	'2019-03-31',	'เช้า',	0),
(162,	27,	'2019-03-31',	'บ่าย',	0),
(163,	28,	'2019-03-29',	'เช้า',	0),
(164,	28,	'2019-03-29',	'บ่าย',	0),
(165,	28,	'2019-03-30',	'เช้า',	0),
(166,	28,	'2019-03-30',	'บ่าย',	0),
(167,	28,	'2019-03-31',	'เช้า',	0),
(168,	28,	'2019-03-31',	'บ่าย',	0),
(169,	29,	'2019-03-29',	'เช้า',	0),
(170,	29,	'2019-03-29',	'บ่าย',	0),
(171,	29,	'2019-03-30',	'เช้า',	0),
(172,	29,	'2019-03-30',	'บ่าย',	0),
(173,	29,	'2019-03-31',	'เช้า',	0),
(174,	29,	'2019-03-31',	'บ่าย',	0),
(175,	30,	'2019-03-29',	'เช้า',	0),
(176,	30,	'2019-03-29',	'บ่าย',	0),
(177,	30,	'2019-03-30',	'เช้า',	0),
(178,	30,	'2019-03-30',	'บ่าย',	0),
(179,	30,	'2019-03-31',	'เช้า',	0),
(180,	30,	'2019-03-31',	'บ่าย',	0),
(181,	31,	'2019-03-29',	'เช้า',	0),
(182,	31,	'2019-03-29',	'บ่าย',	0),
(183,	31,	'2019-03-30',	'เช้า',	0),
(184,	31,	'2019-03-30',	'บ่าย',	0),
(185,	31,	'2019-03-31',	'เช้า',	0),
(186,	31,	'2019-03-31',	'บ่าย',	0),
(187,	32,	'2019-03-29',	'เช้า',	0),
(188,	32,	'2019-03-29',	'บ่าย',	0),
(189,	32,	'2019-03-30',	'เช้า',	0),
(190,	32,	'2019-03-30',	'บ่าย',	0),
(191,	32,	'2019-03-31',	'เช้า',	0),
(192,	32,	'2019-03-31',	'บ่าย',	0),
(193,	33,	'2019-03-29',	'เช้า',	0),
(194,	33,	'2019-03-29',	'บ่าย',	0),
(195,	33,	'2019-03-30',	'เช้า',	0),
(196,	33,	'2019-03-30',	'บ่าย',	0),
(197,	33,	'2019-03-31',	'เช้า',	0),
(198,	33,	'2019-03-31',	'บ่าย',	0),
(199,	34,	'2019-03-29',	'เช้า',	0),
(200,	34,	'2019-03-29',	'บ่าย',	0),
(201,	34,	'2019-03-30',	'เช้า',	0),
(202,	34,	'2019-03-30',	'บ่าย',	0),
(203,	34,	'2019-03-31',	'เช้า',	0),
(204,	34,	'2019-03-31',	'บ่าย',	0),
(205,	35,	'2019-03-29',	'เช้า',	0),
(206,	35,	'2019-03-29',	'บ่าย',	0),
(207,	35,	'2019-03-30',	'เช้า',	0),
(208,	35,	'2019-03-30',	'บ่าย',	0),
(209,	35,	'2019-03-31',	'เช้า',	0),
(210,	35,	'2019-03-31',	'บ่าย',	0),
(211,	36,	'2019-03-29',	'เช้า',	0),
(212,	36,	'2019-03-29',	'บ่าย',	0),
(213,	36,	'2019-03-30',	'เช้า',	0),
(214,	36,	'2019-03-30',	'บ่าย',	0),
(215,	36,	'2019-03-31',	'เช้า',	0),
(216,	36,	'2019-03-31',	'บ่าย',	0),
(217,	37,	'2019-03-29',	'เช้า',	0),
(218,	37,	'2019-03-29',	'บ่าย',	0),
(219,	37,	'2019-03-30',	'เช้า',	0),
(220,	37,	'2019-03-30',	'บ่าย',	0),
(221,	37,	'2019-03-31',	'เช้า',	0),
(222,	37,	'2019-03-31',	'บ่าย',	0),
(223,	38,	'2019-03-29',	'เช้า',	0),
(224,	38,	'2019-03-29',	'บ่าย',	0),
(225,	38,	'2019-03-30',	'เช้า',	0),
(226,	38,	'2019-03-30',	'บ่าย',	0),
(227,	38,	'2019-03-31',	'เช้า',	0),
(228,	38,	'2019-03-31',	'บ่าย',	0),
(229,	39,	'2019-03-29',	'เช้า',	0),
(230,	39,	'2019-03-29',	'บ่าย',	0),
(231,	39,	'2019-03-30',	'เช้า',	0),
(232,	39,	'2019-03-30',	'บ่าย',	0),
(233,	39,	'2019-03-31',	'เช้า',	0),
(234,	39,	'2019-03-31',	'บ่าย',	0),
(235,	40,	'2019-03-29',	'เช้า',	0),
(236,	40,	'2019-03-29',	'บ่าย',	0),
(237,	40,	'2019-03-30',	'เช้า',	0),
(238,	40,	'2019-03-30',	'บ่าย',	0),
(239,	40,	'2019-03-31',	'เช้า',	0),
(240,	40,	'2019-03-31',	'บ่าย',	0),
(241,	41,	'2019-03-29',	'เช้า',	0),
(242,	41,	'2019-03-29',	'บ่าย',	0),
(243,	41,	'2019-03-30',	'เช้า',	0),
(244,	41,	'2019-03-30',	'บ่าย',	0),
(245,	41,	'2019-03-31',	'เช้า',	0),
(246,	41,	'2019-03-31',	'บ่าย',	0),
(247,	42,	'2019-03-29',	'เช้า',	0),
(248,	42,	'2019-03-29',	'บ่าย',	0),
(249,	42,	'2019-03-30',	'เช้า',	0),
(250,	42,	'2019-03-30',	'บ่าย',	0),
(251,	42,	'2019-03-31',	'เช้า',	0),
(252,	42,	'2019-03-31',	'บ่าย',	0),
(253,	43,	'2019-03-29',	'เช้า',	0),
(254,	43,	'2019-03-29',	'บ่าย',	0),
(255,	43,	'2019-03-30',	'เช้า',	0),
(256,	43,	'2019-03-30',	'บ่าย',	0),
(257,	43,	'2019-03-31',	'เช้า',	0),
(258,	43,	'2019-03-31',	'บ่าย',	0),
(259,	44,	'2019-03-29',	'เช้า',	0),
(260,	44,	'2019-03-29',	'บ่าย',	0),
(261,	44,	'2019-03-30',	'เช้า',	0),
(262,	44,	'2019-03-30',	'บ่าย',	0),
(263,	44,	'2019-03-31',	'เช้า',	0),
(264,	44,	'2019-03-31',	'บ่าย',	0),
(265,	45,	'2019-03-29',	'เช้า',	0),
(266,	45,	'2019-03-29',	'บ่าย',	0),
(267,	45,	'2019-03-30',	'เช้า',	0),
(268,	45,	'2019-03-30',	'บ่าย',	0),
(269,	45,	'2019-03-31',	'เช้า',	0),
(270,	45,	'2019-03-31',	'บ่าย',	0),
(271,	46,	'2019-03-29',	'เช้า',	0),
(272,	46,	'2019-03-29',	'บ่าย',	0),
(273,	46,	'2019-03-30',	'เช้า',	0),
(274,	46,	'2019-03-30',	'บ่าย',	0),
(275,	46,	'2019-03-31',	'เช้า',	0),
(276,	46,	'2019-03-31',	'บ่าย',	0),
(277,	47,	'2019-03-29',	'เช้า',	0),
(278,	47,	'2019-03-29',	'บ่าย',	0),
(279,	47,	'2019-03-30',	'เช้า',	0),
(280,	47,	'2019-03-30',	'บ่าย',	0),
(281,	47,	'2019-03-31',	'เช้า',	0),
(282,	47,	'2019-03-31',	'บ่าย',	0),
(283,	48,	'2019-03-29',	'เช้า',	0),
(284,	48,	'2019-03-29',	'บ่าย',	0),
(285,	48,	'2019-03-30',	'เช้า',	0),
(286,	48,	'2019-03-30',	'บ่าย',	0),
(287,	48,	'2019-03-31',	'เช้า',	0),
(288,	48,	'2019-03-31',	'บ่าย',	0),
(289,	49,	'2019-03-29',	'เช้า',	0),
(290,	49,	'2019-03-29',	'บ่าย',	0),
(291,	49,	'2019-03-30',	'เช้า',	0),
(292,	49,	'2019-03-30',	'บ่าย',	0),
(293,	49,	'2019-03-31',	'เช้า',	0),
(294,	49,	'2019-03-31',	'บ่าย',	0),
(295,	50,	'2019-03-29',	'เช้า',	0),
(296,	50,	'2019-03-29',	'บ่าย',	0),
(297,	50,	'2019-03-30',	'เช้า',	0),
(298,	50,	'2019-03-30',	'บ่าย',	0),
(299,	50,	'2019-03-31',	'เช้า',	0),
(300,	50,	'2019-03-31',	'บ่าย',	0),
(301,	51,	'2019-03-29',	'เช้า',	0),
(302,	51,	'2019-03-29',	'บ่าย',	0),
(303,	51,	'2019-03-30',	'เช้า',	0),
(304,	51,	'2019-03-30',	'บ่าย',	0),
(305,	51,	'2019-03-31',	'เช้า',	0),
(306,	51,	'2019-03-31',	'บ่าย',	0),
(307,	52,	'2019-03-29',	'เช้า',	0),
(308,	52,	'2019-03-29',	'บ่าย',	0),
(309,	52,	'2019-03-30',	'เช้า',	0),
(310,	52,	'2019-03-30',	'บ่าย',	0),
(311,	52,	'2019-03-31',	'เช้า',	0),
(312,	52,	'2019-03-31',	'บ่าย',	0),
(313,	53,	'2019-03-29',	'เช้า',	0),
(314,	53,	'2019-03-29',	'บ่าย',	0),
(315,	53,	'2019-03-30',	'เช้า',	0),
(316,	53,	'2019-03-30',	'บ่าย',	0),
(317,	53,	'2019-03-31',	'เช้า',	0),
(318,	53,	'2019-03-31',	'บ่าย',	0),
(319,	54,	'2019-03-29',	'เช้า',	0),
(320,	54,	'2019-03-29',	'บ่าย',	0),
(321,	54,	'2019-03-30',	'เช้า',	0),
(322,	54,	'2019-03-30',	'บ่าย',	0),
(323,	54,	'2019-03-31',	'เช้า',	0),
(324,	54,	'2019-03-31',	'บ่าย',	0),
(325,	55,	'2019-03-29',	'เช้า',	0),
(326,	55,	'2019-03-29',	'บ่าย',	0),
(327,	55,	'2019-03-30',	'เช้า',	0),
(328,	55,	'2019-03-30',	'บ่าย',	0),
(329,	55,	'2019-03-31',	'เช้า',	0),
(330,	55,	'2019-03-31',	'บ่าย',	0),
(331,	56,	'2019-03-29',	'เช้า',	0),
(332,	56,	'2019-03-29',	'บ่าย',	0),
(333,	56,	'2019-03-30',	'เช้า',	0),
(334,	56,	'2019-03-30',	'บ่าย',	0),
(335,	56,	'2019-03-31',	'เช้า',	0),
(336,	56,	'2019-03-31',	'บ่าย',	0),
(337,	57,	'2019-03-29',	'เช้า',	0),
(338,	57,	'2019-03-29',	'บ่าย',	0),
(339,	57,	'2019-03-30',	'เช้า',	0),
(340,	57,	'2019-03-30',	'บ่าย',	0),
(341,	57,	'2019-03-31',	'เช้า',	0),
(342,	57,	'2019-03-31',	'บ่าย',	0),
(343,	58,	'2019-03-29',	'เช้า',	0),
(344,	58,	'2019-03-29',	'บ่าย',	0),
(345,	58,	'2019-03-30',	'เช้า',	0),
(346,	58,	'2019-03-30',	'บ่าย',	0),
(347,	58,	'2019-03-31',	'เช้า',	0),
(348,	58,	'2019-03-31',	'บ่าย',	0),
(349,	59,	'2019-03-29',	'เช้า',	0),
(350,	59,	'2019-03-29',	'บ่าย',	0),
(351,	59,	'2019-03-30',	'เช้า',	0),
(352,	59,	'2019-03-30',	'บ่าย',	0),
(353,	59,	'2019-03-31',	'เช้า',	0),
(354,	59,	'2019-03-31',	'บ่าย',	0),
(355,	60,	'2019-03-29',	'เช้า',	0),
(356,	60,	'2019-03-29',	'บ่าย',	0),
(357,	60,	'2019-03-30',	'เช้า',	0),
(358,	60,	'2019-03-30',	'บ่าย',	0),
(359,	60,	'2019-03-31',	'เช้า',	0),
(360,	60,	'2019-03-31',	'บ่าย',	0),
(361,	61,	'2019-03-29',	'เช้า',	0),
(362,	61,	'2019-03-29',	'บ่าย',	0),
(363,	61,	'2019-03-30',	'เช้า',	0),
(364,	61,	'2019-03-30',	'บ่าย',	0),
(365,	61,	'2019-03-31',	'เช้า',	0),
(366,	61,	'2019-03-31',	'บ่าย',	0),
(367,	62,	'2019-03-29',	'เช้า',	0),
(368,	62,	'2019-03-29',	'บ่าย',	0),
(369,	62,	'2019-03-30',	'เช้า',	0),
(370,	62,	'2019-03-30',	'บ่าย',	0),
(371,	62,	'2019-03-31',	'เช้า',	0),
(372,	62,	'2019-03-31',	'บ่าย',	0),
(373,	63,	'2019-03-29',	'เช้า',	0),
(374,	63,	'2019-03-29',	'บ่าย',	0),
(375,	63,	'2019-03-30',	'เช้า',	0),
(376,	63,	'2019-03-30',	'บ่าย',	0),
(377,	63,	'2019-03-31',	'เช้า',	0),
(378,	63,	'2019-03-31',	'บ่าย',	0),
(379,	64,	'2019-03-29',	'เช้า',	0),
(380,	64,	'2019-03-29',	'บ่าย',	0),
(381,	64,	'2019-03-30',	'เช้า',	0),
(382,	64,	'2019-03-30',	'บ่าย',	0),
(383,	64,	'2019-03-31',	'เช้า',	0),
(384,	64,	'2019-03-31',	'บ่าย',	0),
(385,	65,	'2019-03-29',	'เช้า',	0),
(386,	65,	'2019-03-29',	'บ่าย',	0),
(387,	65,	'2019-03-30',	'เช้า',	0),
(388,	65,	'2019-03-30',	'บ่าย',	0),
(389,	65,	'2019-03-31',	'เช้า',	0),
(390,	65,	'2019-03-31',	'บ่าย',	0),
(391,	66,	'2019-03-29',	'เช้า',	0),
(392,	66,	'2019-03-29',	'บ่าย',	0),
(393,	66,	'2019-03-30',	'เช้า',	0),
(394,	66,	'2019-03-30',	'บ่าย',	0),
(395,	66,	'2019-03-31',	'เช้า',	0),
(396,	66,	'2019-03-31',	'บ่าย',	0),
(397,	67,	'2019-03-29',	'เช้า',	0),
(398,	67,	'2019-03-29',	'บ่าย',	0),
(399,	67,	'2019-03-30',	'เช้า',	0),
(400,	67,	'2019-03-30',	'บ่าย',	0),
(401,	67,	'2019-03-31',	'เช้า',	0),
(402,	67,	'2019-03-31',	'บ่าย',	0),
(403,	68,	'2019-03-29',	'เช้า',	0),
(404,	68,	'2019-03-29',	'บ่าย',	0),
(405,	68,	'2019-03-30',	'เช้า',	0),
(406,	68,	'2019-03-30',	'บ่าย',	0),
(407,	68,	'2019-03-31',	'เช้า',	0),
(408,	68,	'2019-03-31',	'บ่าย',	0),
(409,	69,	'2019-03-29',	'เช้า',	0),
(410,	69,	'2019-03-29',	'บ่าย',	0),
(411,	69,	'2019-03-30',	'เช้า',	0),
(412,	69,	'2019-03-30',	'บ่าย',	0),
(413,	69,	'2019-03-31',	'เช้า',	0),
(414,	69,	'2019-03-31',	'บ่าย',	0),
(415,	70,	'2019-03-29',	'เช้า',	0),
(416,	70,	'2019-03-29',	'บ่าย',	0),
(417,	70,	'2019-03-30',	'เช้า',	0),
(418,	70,	'2019-03-30',	'บ่าย',	0),
(419,	70,	'2019-03-31',	'เช้า',	0),
(420,	70,	'2019-03-31',	'บ่าย',	0),
(421,	71,	'2019-03-29',	'เช้า',	0),
(422,	71,	'2019-03-29',	'บ่าย',	0),
(423,	71,	'2019-03-30',	'เช้า',	0),
(424,	71,	'2019-03-30',	'บ่าย',	0),
(425,	71,	'2019-03-31',	'เช้า',	0),
(426,	71,	'2019-03-31',	'บ่าย',	0),
(427,	72,	'2019-03-29',	'เช้า',	0),
(428,	72,	'2019-03-29',	'บ่าย',	0),
(429,	72,	'2019-03-30',	'เช้า',	0),
(430,	72,	'2019-03-30',	'บ่าย',	0),
(431,	72,	'2019-03-31',	'เช้า',	0),
(432,	72,	'2019-03-31',	'บ่าย',	0),
(433,	73,	'2019-03-29',	'เช้า',	0),
(434,	73,	'2019-03-29',	'บ่าย',	0),
(435,	73,	'2019-03-30',	'เช้า',	0),
(436,	73,	'2019-03-30',	'บ่าย',	0),
(437,	73,	'2019-03-31',	'เช้า',	0),
(438,	73,	'2019-03-31',	'บ่าย',	0),
(439,	74,	'2019-03-29',	'เช้า',	0),
(440,	74,	'2019-03-29',	'บ่าย',	0),
(441,	74,	'2019-03-30',	'เช้า',	0),
(442,	74,	'2019-03-30',	'บ่าย',	0),
(443,	74,	'2019-03-31',	'เช้า',	0),
(444,	74,	'2019-03-31',	'บ่าย',	0),
(445,	75,	'2019-03-29',	'เช้า',	0),
(446,	75,	'2019-03-29',	'บ่าย',	0),
(447,	75,	'2019-03-30',	'เช้า',	0),
(448,	75,	'2019-03-30',	'บ่าย',	0),
(449,	75,	'2019-03-31',	'เช้า',	0),
(450,	75,	'2019-03-31',	'บ่าย',	0),
(451,	76,	'2019-03-29',	'เช้า',	0),
(452,	76,	'2019-03-29',	'บ่าย',	0),
(453,	76,	'2019-03-30',	'เช้า',	0),
(454,	76,	'2019-03-30',	'บ่าย',	0),
(455,	76,	'2019-03-31',	'เช้า',	0),
(456,	76,	'2019-03-31',	'บ่าย',	0),
(457,	77,	'2019-03-29',	'เช้า',	0),
(458,	77,	'2019-03-29',	'บ่าย',	0),
(459,	77,	'2019-03-30',	'เช้า',	0),
(460,	77,	'2019-03-30',	'บ่าย',	0),
(461,	77,	'2019-03-31',	'เช้า',	0),
(462,	77,	'2019-03-31',	'บ่าย',	0),
(463,	78,	'2019-03-29',	'เช้า',	0),
(464,	78,	'2019-03-29',	'บ่าย',	0),
(465,	78,	'2019-03-30',	'เช้า',	0),
(466,	78,	'2019-03-30',	'บ่าย',	0),
(467,	78,	'2019-03-31',	'เช้า',	0),
(468,	78,	'2019-03-31',	'บ่าย',	0),
(469,	79,	'2019-04-01',	'เช้า',	0),
(470,	79,	'2019-04-01',	'บ่าย',	0),
(471,	79,	'2019-04-02',	'เช้า',	0),
(472,	79,	'2019-04-02',	'บ่าย',	0),
(473,	79,	'2019-04-03',	'เช้า',	0),
(474,	79,	'2019-04-03',	'บ่าย',	0),
(475,	79,	'2019-04-04',	'เช้า',	0),
(476,	79,	'2019-04-04',	'บ่าย',	0),
(477,	79,	'2019-04-05',	'เช้า',	0),
(478,	79,	'2019-04-05',	'บ่าย',	0),
(479,	79,	'2019-04-06',	'เช้า',	0),
(480,	79,	'2019-04-06',	'บ่าย',	0),
(481,	80,	'2019-04-01',	'เช้า',	0),
(482,	80,	'2019-04-01',	'บ่าย',	0),
(483,	80,	'2019-04-02',	'เช้า',	0),
(484,	80,	'2019-04-02',	'บ่าย',	0),
(485,	80,	'2019-04-03',	'เช้า',	0),
(486,	80,	'2019-04-03',	'บ่าย',	0),
(487,	80,	'2019-04-04',	'เช้า',	0),
(488,	80,	'2019-04-04',	'บ่าย',	0),
(489,	80,	'2019-04-05',	'เช้า',	0),
(490,	80,	'2019-04-05',	'บ่าย',	0),
(491,	80,	'2019-04-06',	'เช้า',	0),
(492,	80,	'2019-04-06',	'บ่าย',	0),
(493,	81,	'2019-04-01',	'เช้า',	0),
(494,	81,	'2019-04-01',	'บ่าย',	0),
(495,	81,	'2019-04-02',	'เช้า',	0),
(496,	81,	'2019-04-02',	'บ่าย',	0),
(497,	81,	'2019-04-03',	'เช้า',	0),
(498,	81,	'2019-04-03',	'บ่าย',	0),
(499,	81,	'2019-04-04',	'เช้า',	0),
(500,	81,	'2019-04-04',	'บ่าย',	0),
(501,	81,	'2019-04-05',	'เช้า',	0),
(502,	81,	'2019-04-05',	'บ่าย',	0),
(503,	81,	'2019-04-06',	'เช้า',	0),
(504,	81,	'2019-04-06',	'บ่าย',	0),
(505,	82,	'2019-04-01',	'เช้า',	0),
(506,	82,	'2019-04-01',	'บ่าย',	0),
(507,	82,	'2019-04-02',	'เช้า',	0),
(508,	82,	'2019-04-02',	'บ่าย',	0),
(509,	82,	'2019-04-03',	'เช้า',	0),
(510,	82,	'2019-04-03',	'บ่าย',	0),
(511,	82,	'2019-04-04',	'เช้า',	0),
(512,	82,	'2019-04-04',	'บ่าย',	0),
(513,	82,	'2019-04-05',	'เช้า',	0),
(514,	82,	'2019-04-05',	'บ่าย',	0),
(515,	82,	'2019-04-06',	'เช้า',	0),
(516,	82,	'2019-04-06',	'บ่าย',	0),
(517,	83,	'2019-04-01',	'เช้า',	0),
(518,	83,	'2019-04-01',	'บ่าย',	0),
(519,	83,	'2019-04-02',	'เช้า',	0),
(520,	83,	'2019-04-02',	'บ่าย',	0),
(521,	83,	'2019-04-03',	'เช้า',	0),
(522,	83,	'2019-04-03',	'บ่าย',	0),
(523,	83,	'2019-04-04',	'เช้า',	0),
(524,	83,	'2019-04-04',	'บ่าย',	0),
(525,	83,	'2019-04-05',	'เช้า',	0),
(526,	83,	'2019-04-05',	'บ่าย',	0),
(527,	83,	'2019-04-06',	'เช้า',	0),
(528,	83,	'2019-04-06',	'บ่าย',	0),
(529,	84,	'2019-04-01',	'เช้า',	0),
(530,	84,	'2019-04-01',	'บ่าย',	0),
(531,	84,	'2019-04-02',	'เช้า',	0),
(532,	84,	'2019-04-02',	'บ่าย',	0),
(533,	84,	'2019-04-03',	'เช้า',	0),
(534,	84,	'2019-04-03',	'บ่าย',	0),
(535,	84,	'2019-04-04',	'เช้า',	0),
(536,	84,	'2019-04-04',	'บ่าย',	0),
(537,	84,	'2019-04-05',	'เช้า',	0),
(538,	84,	'2019-04-05',	'บ่าย',	0),
(539,	84,	'2019-04-06',	'เช้า',	0),
(540,	84,	'2019-04-06',	'บ่าย',	0),
(541,	85,	'2019-04-01',	'เช้า',	0),
(542,	85,	'2019-04-01',	'บ่าย',	0),
(543,	85,	'2019-04-02',	'เช้า',	0),
(544,	85,	'2019-04-02',	'บ่าย',	0),
(545,	85,	'2019-04-03',	'เช้า',	0),
(546,	85,	'2019-04-03',	'บ่าย',	0),
(547,	85,	'2019-04-04',	'เช้า',	0),
(548,	85,	'2019-04-04',	'บ่าย',	0),
(549,	85,	'2019-04-05',	'เช้า',	0),
(550,	85,	'2019-04-05',	'บ่าย',	0),
(551,	85,	'2019-04-06',	'เช้า',	0),
(552,	85,	'2019-04-06',	'บ่าย',	0),
(553,	86,	'2019-04-01',	'เช้า',	0),
(554,	86,	'2019-04-01',	'บ่าย',	0),
(555,	86,	'2019-04-02',	'เช้า',	0),
(556,	86,	'2019-04-02',	'บ่าย',	0),
(557,	86,	'2019-04-03',	'เช้า',	0),
(558,	86,	'2019-04-03',	'บ่าย',	0),
(559,	86,	'2019-04-04',	'เช้า',	0),
(560,	86,	'2019-04-04',	'บ่าย',	0),
(561,	86,	'2019-04-05',	'เช้า',	0),
(562,	86,	'2019-04-05',	'บ่าย',	0),
(563,	86,	'2019-04-06',	'เช้า',	0),
(564,	86,	'2019-04-06',	'บ่าย',	0),
(565,	87,	'2019-04-01',	'เช้า',	0),
(566,	87,	'2019-04-01',	'บ่าย',	0),
(567,	87,	'2019-04-02',	'เช้า',	0),
(568,	87,	'2019-04-02',	'บ่าย',	0),
(569,	87,	'2019-04-03',	'เช้า',	0),
(570,	87,	'2019-04-03',	'บ่าย',	0),
(571,	87,	'2019-04-04',	'เช้า',	0),
(572,	87,	'2019-04-04',	'บ่าย',	0),
(573,	87,	'2019-04-05',	'เช้า',	0),
(574,	87,	'2019-04-05',	'บ่าย',	0),
(575,	87,	'2019-04-06',	'เช้า',	0),
(576,	87,	'2019-04-06',	'บ่าย',	0),
(577,	88,	'2019-04-01',	'เช้า',	0),
(578,	88,	'2019-04-01',	'บ่าย',	0),
(579,	88,	'2019-04-02',	'เช้า',	0),
(580,	88,	'2019-04-02',	'บ่าย',	0),
(581,	88,	'2019-04-03',	'เช้า',	0),
(582,	88,	'2019-04-03',	'บ่าย',	0),
(583,	88,	'2019-04-04',	'เช้า',	0),
(584,	88,	'2019-04-04',	'บ่าย',	0),
(585,	88,	'2019-04-05',	'เช้า',	0),
(586,	88,	'2019-04-05',	'บ่าย',	0),
(587,	88,	'2019-04-06',	'เช้า',	0),
(588,	88,	'2019-04-06',	'บ่าย',	0),
(589,	89,	'2019-04-01',	'เช้า',	0),
(590,	89,	'2019-04-01',	'บ่าย',	0),
(591,	89,	'2019-04-02',	'เช้า',	0),
(592,	89,	'2019-04-02',	'บ่าย',	0),
(593,	89,	'2019-04-03',	'เช้า',	0),
(594,	89,	'2019-04-03',	'บ่าย',	0),
(595,	89,	'2019-04-04',	'เช้า',	0),
(596,	89,	'2019-04-04',	'บ่าย',	0),
(597,	89,	'2019-04-05',	'เช้า',	0),
(598,	89,	'2019-04-05',	'บ่าย',	0),
(599,	89,	'2019-04-06',	'เช้า',	0),
(600,	89,	'2019-04-06',	'บ่าย',	0),
(601,	90,	'2019-04-01',	'เช้า',	0),
(602,	90,	'2019-04-01',	'บ่าย',	0),
(603,	90,	'2019-04-02',	'เช้า',	0),
(604,	90,	'2019-04-02',	'บ่าย',	0),
(605,	90,	'2019-04-03',	'เช้า',	0),
(606,	90,	'2019-04-03',	'บ่าย',	0),
(607,	90,	'2019-04-04',	'เช้า',	0),
(608,	90,	'2019-04-04',	'บ่าย',	0),
(609,	90,	'2019-04-05',	'เช้า',	0),
(610,	90,	'2019-04-05',	'บ่าย',	0),
(611,	90,	'2019-04-06',	'เช้า',	0),
(612,	90,	'2019-04-06',	'บ่าย',	0),
(613,	91,	'2019-04-01',	'เช้า',	0),
(614,	91,	'2019-04-01',	'บ่าย',	0),
(615,	91,	'2019-04-02',	'เช้า',	0),
(616,	91,	'2019-04-02',	'บ่าย',	0),
(617,	91,	'2019-04-03',	'เช้า',	0),
(618,	91,	'2019-04-03',	'บ่าย',	0),
(619,	91,	'2019-04-04',	'เช้า',	0),
(620,	91,	'2019-04-04',	'บ่าย',	0),
(621,	91,	'2019-04-05',	'เช้า',	0),
(622,	91,	'2019-04-05',	'บ่าย',	0),
(623,	91,	'2019-04-06',	'เช้า',	0),
(624,	91,	'2019-04-06',	'บ่าย',	0),
(625,	92,	'2019-04-01',	'เช้า',	0),
(626,	92,	'2019-04-01',	'บ่าย',	0),
(627,	92,	'2019-04-02',	'เช้า',	0),
(628,	92,	'2019-04-02',	'บ่าย',	0),
(629,	92,	'2019-04-03',	'เช้า',	0),
(630,	92,	'2019-04-03',	'บ่าย',	0),
(631,	92,	'2019-04-04',	'เช้า',	0),
(632,	92,	'2019-04-04',	'บ่าย',	0),
(633,	92,	'2019-04-05',	'เช้า',	0),
(634,	92,	'2019-04-05',	'บ่าย',	0),
(635,	92,	'2019-04-06',	'เช้า',	0),
(636,	92,	'2019-04-06',	'บ่าย',	0),
(637,	93,	'2019-04-01',	'เช้า',	0),
(638,	93,	'2019-04-01',	'บ่าย',	0),
(639,	93,	'2019-04-02',	'เช้า',	0),
(640,	93,	'2019-04-02',	'บ่าย',	0),
(641,	93,	'2019-04-03',	'เช้า',	0),
(642,	93,	'2019-04-03',	'บ่าย',	0),
(643,	93,	'2019-04-04',	'เช้า',	0),
(644,	93,	'2019-04-04',	'บ่าย',	0),
(645,	93,	'2019-04-05',	'เช้า',	0),
(646,	93,	'2019-04-05',	'บ่าย',	0),
(647,	93,	'2019-04-06',	'เช้า',	0),
(648,	93,	'2019-04-06',	'บ่าย',	0),
(649,	94,	'2019-04-01',	'เช้า',	0),
(650,	94,	'2019-04-01',	'บ่าย',	0),
(651,	94,	'2019-04-02',	'เช้า',	0),
(652,	94,	'2019-04-02',	'บ่าย',	0),
(653,	94,	'2019-04-03',	'เช้า',	0),
(654,	94,	'2019-04-03',	'บ่าย',	0),
(655,	94,	'2019-04-04',	'เช้า',	0),
(656,	94,	'2019-04-04',	'บ่าย',	0),
(657,	94,	'2019-04-05',	'เช้า',	0),
(658,	94,	'2019-04-05',	'บ่าย',	0),
(659,	94,	'2019-04-06',	'เช้า',	0),
(660,	94,	'2019-04-06',	'บ่าย',	0),
(661,	95,	'2019-04-01',	'เช้า',	0),
(662,	95,	'2019-04-01',	'บ่าย',	0),
(663,	95,	'2019-04-02',	'เช้า',	0),
(664,	95,	'2019-04-02',	'บ่าย',	0),
(665,	95,	'2019-04-03',	'เช้า',	0),
(666,	95,	'2019-04-03',	'บ่าย',	0),
(667,	95,	'2019-04-04',	'เช้า',	0),
(668,	95,	'2019-04-04',	'บ่าย',	0),
(669,	95,	'2019-04-05',	'เช้า',	0),
(670,	95,	'2019-04-05',	'บ่าย',	0),
(671,	95,	'2019-04-06',	'เช้า',	0),
(672,	95,	'2019-04-06',	'บ่าย',	0),
(673,	96,	'2019-04-01',	'เช้า',	0),
(674,	96,	'2019-04-01',	'บ่าย',	0),
(675,	96,	'2019-04-02',	'เช้า',	0),
(676,	96,	'2019-04-02',	'บ่าย',	0),
(677,	96,	'2019-04-03',	'เช้า',	0),
(678,	96,	'2019-04-03',	'บ่าย',	0),
(679,	96,	'2019-04-04',	'เช้า',	0),
(680,	96,	'2019-04-04',	'บ่าย',	0),
(681,	96,	'2019-04-05',	'เช้า',	0),
(682,	96,	'2019-04-05',	'บ่าย',	0),
(683,	96,	'2019-04-06',	'เช้า',	0),
(684,	96,	'2019-04-06',	'บ่าย',	0),
(685,	97,	'2019-04-01',	'เช้า',	0),
(686,	97,	'2019-04-01',	'บ่าย',	0),
(687,	97,	'2019-04-02',	'เช้า',	0),
(688,	97,	'2019-04-02',	'บ่าย',	0),
(689,	97,	'2019-04-03',	'เช้า',	0),
(690,	97,	'2019-04-03',	'บ่าย',	0),
(691,	97,	'2019-04-04',	'เช้า',	0),
(692,	97,	'2019-04-04',	'บ่าย',	0),
(693,	97,	'2019-04-05',	'เช้า',	0),
(694,	97,	'2019-04-05',	'บ่าย',	0),
(695,	97,	'2019-04-06',	'เช้า',	0),
(696,	97,	'2019-04-06',	'บ่าย',	0),
(697,	98,	'2019-04-01',	'เช้า',	0),
(698,	98,	'2019-04-01',	'บ่าย',	0),
(699,	98,	'2019-04-02',	'เช้า',	0),
(700,	98,	'2019-04-02',	'บ่าย',	0),
(701,	98,	'2019-04-03',	'เช้า',	0),
(702,	98,	'2019-04-03',	'บ่าย',	0),
(703,	98,	'2019-04-04',	'เช้า',	0),
(704,	98,	'2019-04-04',	'บ่าย',	0),
(705,	98,	'2019-04-05',	'เช้า',	0),
(706,	98,	'2019-04-05',	'บ่าย',	0),
(707,	98,	'2019-04-06',	'เช้า',	0),
(708,	98,	'2019-04-06',	'บ่าย',	0),
(709,	99,	'2019-04-01',	'เช้า',	0),
(710,	99,	'2019-04-01',	'บ่าย',	0),
(711,	99,	'2019-04-02',	'เช้า',	0),
(712,	99,	'2019-04-02',	'บ่าย',	0),
(713,	99,	'2019-04-03',	'เช้า',	0),
(714,	99,	'2019-04-03',	'บ่าย',	0),
(715,	99,	'2019-04-04',	'เช้า',	0),
(716,	99,	'2019-04-04',	'บ่าย',	0),
(717,	99,	'2019-04-05',	'เช้า',	0),
(718,	99,	'2019-04-05',	'บ่าย',	0),
(719,	99,	'2019-04-06',	'เช้า',	0),
(720,	99,	'2019-04-06',	'บ่าย',	0),
(721,	100,	'2019-04-01',	'เช้า',	0),
(722,	100,	'2019-04-01',	'บ่าย',	0),
(723,	100,	'2019-04-02',	'เช้า',	0),
(724,	100,	'2019-04-02',	'บ่าย',	0),
(725,	100,	'2019-04-03',	'เช้า',	0),
(726,	100,	'2019-04-03',	'บ่าย',	0),
(727,	100,	'2019-04-04',	'เช้า',	0),
(728,	100,	'2019-04-04',	'บ่าย',	0),
(729,	100,	'2019-04-05',	'เช้า',	0),
(730,	100,	'2019-04-05',	'บ่าย',	0),
(731,	100,	'2019-04-06',	'เช้า',	0),
(732,	100,	'2019-04-06',	'บ่าย',	0),
(1903,	179,	'2019-04-14',	'เช้า',	0),
(1904,	179,	'2019-04-14',	'บ่าย',	0),
(1905,	179,	'2019-04-15',	'เช้า',	0),
(1906,	179,	'2019-04-15',	'บ่าย',	0),
(1907,	179,	'2019-04-16',	'เช้า',	0),
(1908,	179,	'2019-04-16',	'บ่าย',	0),
(1909,	179,	'2019-04-17',	'เช้า',	0),
(1910,	179,	'2019-04-17',	'บ่าย',	0),
(1911,	179,	'2019-04-18',	'เช้า',	0),
(1912,	179,	'2019-04-18',	'บ่าย',	0),
(1913,	179,	'2019-04-19',	'เช้า',	0),
(1914,	179,	'2019-04-19',	'บ่าย',	0),
(1915,	179,	'2019-04-20',	'เช้า',	0),
(1916,	179,	'2019-04-20',	'บ่าย',	0),
(1917,	180,	'2019-04-14',	'เช้า',	0),
(1918,	180,	'2019-04-14',	'บ่าย',	0),
(1919,	180,	'2019-04-15',	'เช้า',	0),
(1920,	180,	'2019-04-15',	'บ่าย',	0),
(1921,	180,	'2019-04-16',	'เช้า',	0),
(1922,	180,	'2019-04-16',	'บ่าย',	0),
(1923,	180,	'2019-04-17',	'เช้า',	0),
(1924,	180,	'2019-04-17',	'บ่าย',	0),
(1925,	180,	'2019-04-18',	'เช้า',	0),
(1926,	180,	'2019-04-18',	'บ่าย',	0),
(1927,	180,	'2019-04-19',	'เช้า',	0),
(1928,	180,	'2019-04-19',	'บ่าย',	0),
(1929,	180,	'2019-04-20',	'เช้า',	0),
(1930,	180,	'2019-04-20',	'บ่าย',	0),
(1931,	181,	'2019-04-14',	'เช้า',	0),
(1932,	181,	'2019-04-14',	'บ่าย',	0),
(1933,	181,	'2019-04-15',	'เช้า',	0),
(1934,	181,	'2019-04-15',	'บ่าย',	0),
(1935,	181,	'2019-04-16',	'เช้า',	0),
(1936,	181,	'2019-04-16',	'บ่าย',	0),
(1937,	181,	'2019-04-17',	'เช้า',	0),
(1938,	181,	'2019-04-17',	'บ่าย',	0),
(1939,	181,	'2019-04-18',	'เช้า',	0),
(1940,	181,	'2019-04-18',	'บ่าย',	0),
(1941,	181,	'2019-04-19',	'เช้า',	0),
(1942,	181,	'2019-04-19',	'บ่าย',	0),
(1943,	181,	'2019-04-20',	'เช้า',	0),
(1944,	181,	'2019-04-20',	'บ่าย',	0),
(1945,	182,	'2019-04-14',	'เช้า',	0),
(1946,	182,	'2019-04-14',	'บ่าย',	0),
(1947,	182,	'2019-04-15',	'เช้า',	0),
(1948,	182,	'2019-04-15',	'บ่าย',	0),
(1949,	182,	'2019-04-16',	'เช้า',	0),
(1950,	182,	'2019-04-16',	'บ่าย',	0),
(1951,	182,	'2019-04-17',	'เช้า',	0),
(1952,	182,	'2019-04-17',	'บ่าย',	0),
(1953,	182,	'2019-04-18',	'เช้า',	0),
(1954,	182,	'2019-04-18',	'บ่าย',	0),
(1955,	182,	'2019-04-19',	'เช้า',	0),
(1956,	182,	'2019-04-19',	'บ่าย',	0),
(1957,	182,	'2019-04-20',	'เช้า',	0),
(1958,	182,	'2019-04-20',	'บ่าย',	0),
(1959,	183,	'2019-04-14',	'เช้า',	0),
(1960,	183,	'2019-04-14',	'บ่าย',	0),
(1961,	183,	'2019-04-15',	'เช้า',	0),
(1962,	183,	'2019-04-15',	'บ่าย',	0),
(1963,	183,	'2019-04-16',	'เช้า',	0),
(1964,	183,	'2019-04-16',	'บ่าย',	0),
(1965,	183,	'2019-04-17',	'เช้า',	0),
(1966,	183,	'2019-04-17',	'บ่าย',	0),
(1967,	183,	'2019-04-18',	'เช้า',	0),
(1968,	183,	'2019-04-18',	'บ่าย',	0),
(1969,	183,	'2019-04-19',	'เช้า',	0),
(1970,	183,	'2019-04-19',	'บ่าย',	0),
(1971,	183,	'2019-04-20',	'เช้า',	0),
(1972,	183,	'2019-04-20',	'บ่าย',	0),
(1973,	184,	'2019-04-14',	'เช้า',	0),
(1974,	184,	'2019-04-14',	'บ่าย',	0),
(1975,	184,	'2019-04-15',	'เช้า',	0),
(1976,	184,	'2019-04-15',	'บ่าย',	0),
(1977,	184,	'2019-04-16',	'เช้า',	0),
(1978,	184,	'2019-04-16',	'บ่าย',	0),
(1979,	184,	'2019-04-17',	'เช้า',	0),
(1980,	184,	'2019-04-17',	'บ่าย',	0),
(1981,	184,	'2019-04-18',	'เช้า',	0),
(1982,	184,	'2019-04-18',	'บ่าย',	0),
(1983,	184,	'2019-04-19',	'เช้า',	0),
(1984,	184,	'2019-04-19',	'บ่าย',	0),
(1985,	184,	'2019-04-20',	'เช้า',	0),
(1986,	184,	'2019-04-20',	'บ่าย',	0),
(1987,	185,	'2019-04-14',	'เช้า',	0),
(1988,	185,	'2019-04-14',	'บ่าย',	0),
(1989,	185,	'2019-04-15',	'เช้า',	0),
(1990,	185,	'2019-04-15',	'บ่าย',	0),
(1991,	185,	'2019-04-16',	'เช้า',	0),
(1992,	185,	'2019-04-16',	'บ่าย',	0),
(1993,	185,	'2019-04-17',	'เช้า',	0),
(1994,	185,	'2019-04-17',	'บ่าย',	0),
(1995,	185,	'2019-04-18',	'เช้า',	0),
(1996,	185,	'2019-04-18',	'บ่าย',	0),
(1997,	185,	'2019-04-19',	'เช้า',	0),
(1998,	185,	'2019-04-19',	'บ่าย',	0),
(1999,	185,	'2019-04-20',	'เช้า',	0),
(2000,	185,	'2019-04-20',	'บ่าย',	0),
(2001,	186,	'2019-04-14',	'เช้า',	0),
(2002,	186,	'2019-04-14',	'บ่าย',	0),
(2003,	186,	'2019-04-15',	'เช้า',	0),
(2004,	186,	'2019-04-15',	'บ่าย',	0),
(2005,	186,	'2019-04-16',	'เช้า',	0),
(2006,	186,	'2019-04-16',	'บ่าย',	0),
(2007,	186,	'2019-04-17',	'เช้า',	0),
(2008,	186,	'2019-04-17',	'บ่าย',	0),
(2009,	186,	'2019-04-18',	'เช้า',	0),
(2010,	186,	'2019-04-18',	'บ่าย',	0),
(2011,	186,	'2019-04-19',	'เช้า',	0),
(2012,	186,	'2019-04-19',	'บ่าย',	0),
(2013,	186,	'2019-04-20',	'เช้า',	0),
(2014,	186,	'2019-04-20',	'บ่าย',	0),
(2015,	187,	'2019-04-14',	'เช้า',	0),
(2016,	187,	'2019-04-14',	'บ่าย',	0),
(2017,	187,	'2019-04-15',	'เช้า',	0),
(2018,	187,	'2019-04-15',	'บ่าย',	0),
(2019,	187,	'2019-04-16',	'เช้า',	0),
(2020,	187,	'2019-04-16',	'บ่าย',	0),
(2021,	187,	'2019-04-17',	'เช้า',	0),
(2022,	187,	'2019-04-17',	'บ่าย',	0),
(2023,	187,	'2019-04-18',	'เช้า',	0),
(2024,	187,	'2019-04-18',	'บ่าย',	0),
(2025,	187,	'2019-04-19',	'เช้า',	0),
(2026,	187,	'2019-04-19',	'บ่าย',	0),
(2027,	187,	'2019-04-20',	'เช้า',	0),
(2028,	187,	'2019-04-20',	'บ่าย',	0),
(2029,	188,	'2019-04-14',	'เช้า',	0),
(2030,	188,	'2019-04-14',	'บ่าย',	0),
(2031,	188,	'2019-04-15',	'เช้า',	0),
(2032,	188,	'2019-04-15',	'บ่าย',	0),
(2033,	188,	'2019-04-16',	'เช้า',	0),
(2034,	188,	'2019-04-16',	'บ่าย',	0),
(2035,	188,	'2019-04-17',	'เช้า',	0),
(2036,	188,	'2019-04-17',	'บ่าย',	0),
(2037,	188,	'2019-04-18',	'เช้า',	0),
(2038,	188,	'2019-04-18',	'บ่าย',	0),
(2039,	188,	'2019-04-19',	'เช้า',	0),
(2040,	188,	'2019-04-19',	'บ่าย',	0),
(2041,	188,	'2019-04-20',	'เช้า',	0),
(2042,	188,	'2019-04-20',	'บ่าย',	0),
(2043,	189,	'2019-04-14',	'เช้า',	0),
(2044,	189,	'2019-04-14',	'บ่าย',	0),
(2045,	189,	'2019-04-15',	'เช้า',	0),
(2046,	189,	'2019-04-15',	'บ่าย',	0),
(2047,	189,	'2019-04-16',	'เช้า',	0),
(2048,	189,	'2019-04-16',	'บ่าย',	0),
(2049,	189,	'2019-04-17',	'เช้า',	0),
(2050,	189,	'2019-04-17',	'บ่าย',	0),
(2051,	189,	'2019-04-18',	'เช้า',	0),
(2052,	189,	'2019-04-18',	'บ่าย',	0),
(2053,	189,	'2019-04-19',	'เช้า',	0),
(2054,	189,	'2019-04-19',	'บ่าย',	0),
(2055,	189,	'2019-04-20',	'เช้า',	0),
(2056,	189,	'2019-04-20',	'บ่าย',	0),
(2057,	190,	'2019-04-14',	'เช้า',	0),
(2058,	190,	'2019-04-14',	'บ่าย',	0),
(2059,	190,	'2019-04-15',	'เช้า',	0),
(2060,	190,	'2019-04-15',	'บ่าย',	0),
(2061,	190,	'2019-04-16',	'เช้า',	0),
(2062,	190,	'2019-04-16',	'บ่าย',	0),
(2063,	190,	'2019-04-17',	'เช้า',	0),
(2064,	190,	'2019-04-17',	'บ่าย',	0),
(2065,	190,	'2019-04-18',	'เช้า',	0),
(2066,	190,	'2019-04-18',	'บ่าย',	0),
(2067,	190,	'2019-04-19',	'เช้า',	0),
(2068,	190,	'2019-04-19',	'บ่าย',	0),
(2069,	190,	'2019-04-20',	'เช้า',	0),
(2070,	190,	'2019-04-20',	'บ่าย',	0),
(2071,	191,	'2019-04-14',	'เช้า',	0),
(2072,	191,	'2019-04-14',	'บ่าย',	0),
(2073,	191,	'2019-04-15',	'เช้า',	0),
(2074,	191,	'2019-04-15',	'บ่าย',	0),
(2075,	191,	'2019-04-16',	'เช้า',	0),
(2076,	191,	'2019-04-16',	'บ่าย',	0),
(2077,	191,	'2019-04-17',	'เช้า',	0),
(2078,	191,	'2019-04-17',	'บ่าย',	0),
(2079,	191,	'2019-04-18',	'เช้า',	0),
(2080,	191,	'2019-04-18',	'บ่าย',	0),
(2081,	191,	'2019-04-19',	'เช้า',	0),
(2082,	191,	'2019-04-19',	'บ่าย',	0),
(2083,	191,	'2019-04-20',	'เช้า',	0),
(2084,	191,	'2019-04-20',	'บ่าย',	0),
(2085,	192,	'2019-04-14',	'เช้า',	0),
(2086,	192,	'2019-04-14',	'บ่าย',	0),
(2087,	192,	'2019-04-15',	'เช้า',	0),
(2088,	192,	'2019-04-15',	'บ่าย',	0),
(2089,	192,	'2019-04-16',	'เช้า',	0),
(2090,	192,	'2019-04-16',	'บ่าย',	0),
(2091,	192,	'2019-04-17',	'เช้า',	0),
(2092,	192,	'2019-04-17',	'บ่าย',	0),
(2093,	192,	'2019-04-18',	'เช้า',	0),
(2094,	192,	'2019-04-18',	'บ่าย',	0),
(2095,	192,	'2019-04-19',	'เช้า',	0),
(2096,	192,	'2019-04-19',	'บ่าย',	0),
(2097,	192,	'2019-04-20',	'เช้า',	0),
(2098,	192,	'2019-04-20',	'บ่าย',	0),
(2099,	193,	'2019-04-14',	'เช้า',	0),
(2100,	193,	'2019-04-14',	'บ่าย',	0),
(2101,	193,	'2019-04-15',	'เช้า',	0),
(2102,	193,	'2019-04-15',	'บ่าย',	0),
(2103,	193,	'2019-04-16',	'เช้า',	0),
(2104,	193,	'2019-04-16',	'บ่าย',	0),
(2105,	193,	'2019-04-17',	'เช้า',	0),
(2106,	193,	'2019-04-17',	'บ่าย',	0),
(2107,	193,	'2019-04-18',	'เช้า',	0),
(2108,	193,	'2019-04-18',	'บ่าย',	0),
(2109,	193,	'2019-04-19',	'เช้า',	0),
(2110,	193,	'2019-04-19',	'บ่าย',	0),
(2111,	193,	'2019-04-20',	'เช้า',	0),
(2112,	193,	'2019-04-20',	'บ่าย',	0),
(2113,	194,	'2019-04-14',	'เช้า',	0),
(2114,	194,	'2019-04-14',	'บ่าย',	0),
(2115,	194,	'2019-04-15',	'เช้า',	0),
(2116,	194,	'2019-04-15',	'บ่าย',	0),
(2117,	194,	'2019-04-16',	'เช้า',	0),
(2118,	194,	'2019-04-16',	'บ่าย',	0),
(2119,	194,	'2019-04-17',	'เช้า',	0),
(2120,	194,	'2019-04-17',	'บ่าย',	0),
(2121,	194,	'2019-04-18',	'เช้า',	0),
(2122,	194,	'2019-04-18',	'บ่าย',	0),
(2123,	194,	'2019-04-19',	'เช้า',	0),
(2124,	194,	'2019-04-19',	'บ่าย',	0),
(2125,	194,	'2019-04-20',	'เช้า',	0),
(2126,	194,	'2019-04-20',	'บ่าย',	0),
(2127,	195,	'2019-04-14',	'เช้า',	0),
(2128,	195,	'2019-04-14',	'บ่าย',	0),
(2129,	195,	'2019-04-15',	'เช้า',	0),
(2130,	195,	'2019-04-15',	'บ่าย',	0),
(2131,	195,	'2019-04-16',	'เช้า',	0),
(2132,	195,	'2019-04-16',	'บ่าย',	0),
(2133,	195,	'2019-04-17',	'เช้า',	0),
(2134,	195,	'2019-04-17',	'บ่าย',	0),
(2135,	195,	'2019-04-18',	'เช้า',	0),
(2136,	195,	'2019-04-18',	'บ่าย',	0),
(2137,	195,	'2019-04-19',	'เช้า',	0),
(2138,	195,	'2019-04-19',	'บ่าย',	0),
(2139,	195,	'2019-04-20',	'เช้า',	0),
(2140,	195,	'2019-04-20',	'บ่าย',	0),
(2141,	196,	'2019-04-14',	'เช้า',	0),
(2142,	196,	'2019-04-14',	'บ่าย',	0),
(2143,	196,	'2019-04-15',	'เช้า',	0),
(2144,	196,	'2019-04-15',	'บ่าย',	0),
(2145,	196,	'2019-04-16',	'เช้า',	0),
(2146,	196,	'2019-04-16',	'บ่าย',	0),
(2147,	196,	'2019-04-17',	'เช้า',	0),
(2148,	196,	'2019-04-17',	'บ่าย',	0),
(2149,	196,	'2019-04-18',	'เช้า',	0),
(2150,	196,	'2019-04-18',	'บ่าย',	0),
(2151,	196,	'2019-04-19',	'เช้า',	0),
(2152,	196,	'2019-04-19',	'บ่าย',	0),
(2153,	196,	'2019-04-20',	'เช้า',	0),
(2154,	196,	'2019-04-20',	'บ่าย',	0),
(2155,	197,	'2019-04-14',	'เช้า',	0),
(2156,	197,	'2019-04-14',	'บ่าย',	0),
(2157,	197,	'2019-04-15',	'เช้า',	0),
(2158,	197,	'2019-04-15',	'บ่าย',	0),
(2159,	197,	'2019-04-16',	'เช้า',	0),
(2160,	197,	'2019-04-16',	'บ่าย',	0),
(2161,	197,	'2019-04-17',	'เช้า',	0),
(2162,	197,	'2019-04-17',	'บ่าย',	0),
(2163,	197,	'2019-04-18',	'เช้า',	0),
(2164,	197,	'2019-04-18',	'บ่าย',	0),
(2165,	197,	'2019-04-19',	'เช้า',	0),
(2166,	197,	'2019-04-19',	'บ่าย',	0),
(2167,	197,	'2019-04-20',	'เช้า',	0),
(2168,	197,	'2019-04-20',	'บ่าย',	0),
(2169,	198,	'2019-04-14',	'เช้า',	0),
(2170,	198,	'2019-04-14',	'บ่าย',	0),
(2171,	198,	'2019-04-15',	'เช้า',	0),
(2172,	198,	'2019-04-15',	'บ่าย',	0),
(2173,	198,	'2019-04-16',	'เช้า',	0),
(2174,	198,	'2019-04-16',	'บ่าย',	0),
(2175,	198,	'2019-04-17',	'เช้า',	0),
(2176,	198,	'2019-04-17',	'บ่าย',	0),
(2177,	198,	'2019-04-18',	'เช้า',	0),
(2178,	198,	'2019-04-18',	'บ่าย',	0),
(2179,	198,	'2019-04-19',	'เช้า',	0),
(2180,	198,	'2019-04-19',	'บ่าย',	0),
(2181,	198,	'2019-04-20',	'เช้า',	0),
(2182,	198,	'2019-04-20',	'บ่าย',	0),
(2183,	199,	'2019-04-14',	'เช้า',	0),
(2184,	199,	'2019-04-14',	'บ่าย',	0),
(2185,	199,	'2019-04-15',	'เช้า',	0),
(2186,	199,	'2019-04-15',	'บ่าย',	0),
(2187,	199,	'2019-04-16',	'เช้า',	0),
(2188,	199,	'2019-04-16',	'บ่าย',	0),
(2189,	199,	'2019-04-17',	'เช้า',	0),
(2190,	199,	'2019-04-17',	'บ่าย',	0),
(2191,	199,	'2019-04-18',	'เช้า',	0),
(2192,	199,	'2019-04-18',	'บ่าย',	0),
(2193,	199,	'2019-04-19',	'เช้า',	0),
(2194,	199,	'2019-04-19',	'บ่าย',	0),
(2195,	199,	'2019-04-20',	'เช้า',	0),
(2196,	199,	'2019-04-20',	'บ่าย',	0),
(2197,	200,	'2019-04-14',	'เช้า',	0),
(2198,	200,	'2019-04-14',	'บ่าย',	0),
(2199,	200,	'2019-04-15',	'เช้า',	0),
(2200,	200,	'2019-04-15',	'บ่าย',	0),
(2201,	200,	'2019-04-16',	'เช้า',	0),
(2202,	200,	'2019-04-16',	'บ่าย',	0),
(2203,	200,	'2019-04-17',	'เช้า',	0),
(2204,	200,	'2019-04-17',	'บ่าย',	0),
(2205,	200,	'2019-04-18',	'เช้า',	0),
(2206,	200,	'2019-04-18',	'บ่าย',	0),
(2207,	200,	'2019-04-19',	'เช้า',	0),
(2208,	200,	'2019-04-19',	'บ่าย',	0),
(2209,	200,	'2019-04-20',	'เช้า',	0),
(2210,	200,	'2019-04-20',	'บ่าย',	0),
(2211,	201,	'2019-04-14',	'เช้า',	0),
(2212,	201,	'2019-04-14',	'บ่าย',	0),
(2213,	201,	'2019-04-15',	'เช้า',	0),
(2214,	201,	'2019-04-15',	'บ่าย',	0),
(2215,	201,	'2019-04-16',	'เช้า',	0),
(2216,	201,	'2019-04-16',	'บ่าย',	0),
(2217,	201,	'2019-04-17',	'เช้า',	0),
(2218,	201,	'2019-04-17',	'บ่าย',	0),
(2219,	201,	'2019-04-18',	'เช้า',	0),
(2220,	201,	'2019-04-18',	'บ่าย',	0),
(2221,	201,	'2019-04-19',	'เช้า',	0),
(2222,	201,	'2019-04-19',	'บ่าย',	0),
(2223,	201,	'2019-04-20',	'เช้า',	0),
(2224,	201,	'2019-04-20',	'บ่าย',	0),
(2225,	202,	'2019-04-14',	'เช้า',	0),
(2226,	202,	'2019-04-14',	'บ่าย',	0),
(2227,	202,	'2019-04-15',	'เช้า',	0),
(2228,	202,	'2019-04-15',	'บ่าย',	0),
(2229,	202,	'2019-04-16',	'เช้า',	0),
(2230,	202,	'2019-04-16',	'บ่าย',	0),
(2231,	202,	'2019-04-17',	'เช้า',	0),
(2232,	202,	'2019-04-17',	'บ่าย',	0),
(2233,	202,	'2019-04-18',	'เช้า',	0),
(2234,	202,	'2019-04-18',	'บ่าย',	0),
(2235,	202,	'2019-04-19',	'เช้า',	0),
(2236,	202,	'2019-04-19',	'บ่าย',	0),
(2237,	202,	'2019-04-20',	'เช้า',	0),
(2238,	202,	'2019-04-20',	'บ่าย',	0),
(2239,	203,	'2019-04-14',	'เช้า',	0),
(2240,	203,	'2019-04-14',	'บ่าย',	0),
(2241,	203,	'2019-04-15',	'เช้า',	0),
(2242,	203,	'2019-04-15',	'บ่าย',	0),
(2243,	203,	'2019-04-16',	'เช้า',	0),
(2244,	203,	'2019-04-16',	'บ่าย',	0),
(2245,	203,	'2019-04-17',	'เช้า',	0),
(2246,	203,	'2019-04-17',	'บ่าย',	0),
(2247,	203,	'2019-04-18',	'เช้า',	0),
(2248,	203,	'2019-04-18',	'บ่าย',	0),
(2249,	203,	'2019-04-19',	'เช้า',	0),
(2250,	203,	'2019-04-19',	'บ่าย',	0),
(2251,	203,	'2019-04-20',	'เช้า',	0),
(2252,	203,	'2019-04-20',	'บ่าย',	0),
(2253,	204,	'2019-04-14',	'เช้า',	0),
(2254,	204,	'2019-04-14',	'บ่าย',	0),
(2255,	204,	'2019-04-15',	'เช้า',	0),
(2256,	204,	'2019-04-15',	'บ่าย',	0),
(2257,	204,	'2019-04-16',	'เช้า',	0),
(2258,	204,	'2019-04-16',	'บ่าย',	0),
(2259,	204,	'2019-04-17',	'เช้า',	0),
(2260,	204,	'2019-04-17',	'บ่าย',	0),
(2261,	204,	'2019-04-18',	'เช้า',	0),
(2262,	204,	'2019-04-18',	'บ่าย',	0),
(2263,	204,	'2019-04-19',	'เช้า',	0),
(2264,	204,	'2019-04-19',	'บ่าย',	0),
(2265,	204,	'2019-04-20',	'เช้า',	0),
(2266,	204,	'2019-04-20',	'บ่าย',	0),
(2267,	205,	'2019-04-14',	'เช้า',	0),
(2268,	205,	'2019-04-14',	'บ่าย',	0),
(2269,	205,	'2019-04-15',	'เช้า',	0),
(2270,	205,	'2019-04-15',	'บ่าย',	0),
(2271,	205,	'2019-04-16',	'เช้า',	0),
(2272,	205,	'2019-04-16',	'บ่าย',	0),
(2273,	205,	'2019-04-17',	'เช้า',	0),
(2274,	205,	'2019-04-17',	'บ่าย',	0),
(2275,	205,	'2019-04-18',	'เช้า',	0),
(2276,	205,	'2019-04-18',	'บ่าย',	0),
(2277,	205,	'2019-04-19',	'เช้า',	0),
(2278,	205,	'2019-04-19',	'บ่าย',	0),
(2279,	205,	'2019-04-20',	'เช้า',	0),
(2280,	205,	'2019-04-20',	'บ่าย',	0),
(2281,	206,	'2019-04-14',	'เช้า',	0),
(2282,	206,	'2019-04-14',	'บ่าย',	0),
(2283,	206,	'2019-04-15',	'เช้า',	0),
(2284,	206,	'2019-04-15',	'บ่าย',	0),
(2285,	206,	'2019-04-16',	'เช้า',	0),
(2286,	206,	'2019-04-16',	'บ่าย',	0),
(2287,	206,	'2019-04-17',	'เช้า',	0),
(2288,	206,	'2019-04-17',	'บ่าย',	0),
(2289,	206,	'2019-04-18',	'เช้า',	0),
(2290,	206,	'2019-04-18',	'บ่าย',	0),
(2291,	206,	'2019-04-19',	'เช้า',	0),
(2292,	206,	'2019-04-19',	'บ่าย',	0),
(2293,	206,	'2019-04-20',	'เช้า',	0),
(2294,	206,	'2019-04-20',	'บ่าย',	0),
(2295,	207,	'2019-04-14',	'เช้า',	0),
(2296,	207,	'2019-04-14',	'บ่าย',	0),
(2297,	207,	'2019-04-15',	'เช้า',	0),
(2298,	207,	'2019-04-15',	'บ่าย',	0),
(2299,	207,	'2019-04-16',	'เช้า',	0),
(2300,	207,	'2019-04-16',	'บ่าย',	0),
(2301,	207,	'2019-04-17',	'เช้า',	0),
(2302,	207,	'2019-04-17',	'บ่าย',	0),
(2303,	207,	'2019-04-18',	'เช้า',	0),
(2304,	207,	'2019-04-18',	'บ่าย',	0),
(2305,	207,	'2019-04-19',	'เช้า',	0),
(2306,	207,	'2019-04-19',	'บ่าย',	0),
(2307,	207,	'2019-04-20',	'เช้า',	0),
(2308,	207,	'2019-04-20',	'บ่าย',	0),
(2309,	208,	'2019-04-14',	'เช้า',	0),
(2310,	208,	'2019-04-14',	'บ่าย',	0),
(2311,	208,	'2019-04-15',	'เช้า',	0),
(2312,	208,	'2019-04-15',	'บ่าย',	0),
(2313,	208,	'2019-04-16',	'เช้า',	0),
(2314,	208,	'2019-04-16',	'บ่าย',	0),
(2315,	208,	'2019-04-17',	'เช้า',	0),
(2316,	208,	'2019-04-17',	'บ่าย',	0),
(2317,	208,	'2019-04-18',	'เช้า',	0),
(2318,	208,	'2019-04-18',	'บ่าย',	0),
(2319,	208,	'2019-04-19',	'เช้า',	0),
(2320,	208,	'2019-04-19',	'บ่าย',	0),
(2321,	208,	'2019-04-20',	'เช้า',	0),
(2322,	208,	'2019-04-20',	'บ่าย',	0),
(2323,	209,	'2019-04-14',	'เช้า',	0),
(2324,	209,	'2019-04-14',	'บ่าย',	0),
(2325,	209,	'2019-04-15',	'เช้า',	0),
(2326,	209,	'2019-04-15',	'บ่าย',	0),
(2327,	209,	'2019-04-16',	'เช้า',	0),
(2328,	209,	'2019-04-16',	'บ่าย',	0),
(2329,	209,	'2019-04-17',	'เช้า',	0),
(2330,	209,	'2019-04-17',	'บ่าย',	0),
(2331,	209,	'2019-04-18',	'เช้า',	0),
(2332,	209,	'2019-04-18',	'บ่าย',	0),
(2333,	209,	'2019-04-19',	'เช้า',	0),
(2334,	209,	'2019-04-19',	'บ่าย',	0),
(2335,	209,	'2019-04-20',	'เช้า',	0),
(2336,	209,	'2019-04-20',	'บ่าย',	0),
(2337,	210,	'2019-04-14',	'เช้า',	0),
(2338,	210,	'2019-04-14',	'บ่าย',	0),
(2339,	210,	'2019-04-15',	'เช้า',	0),
(2340,	210,	'2019-04-15',	'บ่าย',	0),
(2341,	210,	'2019-04-16',	'เช้า',	0),
(2342,	210,	'2019-04-16',	'บ่าย',	0),
(2343,	210,	'2019-04-17',	'เช้า',	0),
(2344,	210,	'2019-04-17',	'บ่าย',	0),
(2345,	210,	'2019-04-18',	'เช้า',	0),
(2346,	210,	'2019-04-18',	'บ่าย',	0),
(2347,	210,	'2019-04-19',	'เช้า',	0),
(2348,	210,	'2019-04-19',	'บ่าย',	0),
(2349,	210,	'2019-04-20',	'เช้า',	0),
(2350,	210,	'2019-04-20',	'บ่าย',	0),
(2351,	211,	'2019-04-14',	'เช้า',	0),
(2352,	211,	'2019-04-14',	'บ่าย',	0),
(2353,	211,	'2019-04-15',	'เช้า',	0),
(2354,	211,	'2019-04-15',	'บ่าย',	0),
(2355,	211,	'2019-04-16',	'เช้า',	0),
(2356,	211,	'2019-04-16',	'บ่าย',	0),
(2357,	211,	'2019-04-17',	'เช้า',	0),
(2358,	211,	'2019-04-17',	'บ่าย',	0),
(2359,	211,	'2019-04-18',	'เช้า',	0),
(2360,	211,	'2019-04-18',	'บ่าย',	0),
(2361,	211,	'2019-04-19',	'เช้า',	0),
(2362,	211,	'2019-04-19',	'บ่าย',	0),
(2363,	211,	'2019-04-20',	'เช้า',	0),
(2364,	211,	'2019-04-20',	'บ่าย',	0),
(2365,	212,	'2019-04-14',	'เช้า',	0),
(2366,	212,	'2019-04-14',	'บ่าย',	0),
(2367,	212,	'2019-04-15',	'เช้า',	0),
(2368,	212,	'2019-04-15',	'บ่าย',	0),
(2369,	212,	'2019-04-16',	'เช้า',	0),
(2370,	212,	'2019-04-16',	'บ่าย',	0),
(2371,	212,	'2019-04-17',	'เช้า',	0),
(2372,	212,	'2019-04-17',	'บ่าย',	0),
(2373,	212,	'2019-04-18',	'เช้า',	0),
(2374,	212,	'2019-04-18',	'บ่าย',	0),
(2375,	212,	'2019-04-19',	'เช้า',	0),
(2376,	212,	'2019-04-19',	'บ่าย',	0),
(2377,	212,	'2019-04-20',	'เช้า',	0),
(2378,	212,	'2019-04-20',	'บ่าย',	0),
(2379,	213,	'2019-04-14',	'เช้า',	0),
(2380,	213,	'2019-04-14',	'บ่าย',	0),
(2381,	213,	'2019-04-15',	'เช้า',	0),
(2382,	213,	'2019-04-15',	'บ่าย',	0),
(2383,	213,	'2019-04-16',	'เช้า',	0),
(2384,	213,	'2019-04-16',	'บ่าย',	0),
(2385,	213,	'2019-04-17',	'เช้า',	0),
(2386,	213,	'2019-04-17',	'บ่าย',	0),
(2387,	213,	'2019-04-18',	'เช้า',	0),
(2388,	213,	'2019-04-18',	'บ่าย',	0),
(2389,	213,	'2019-04-19',	'เช้า',	0),
(2390,	213,	'2019-04-19',	'บ่าย',	0),
(2391,	213,	'2019-04-20',	'เช้า',	0),
(2392,	213,	'2019-04-20',	'บ่าย',	0),
(2393,	214,	'2019-04-14',	'เช้า',	0),
(2394,	214,	'2019-04-14',	'บ่าย',	0),
(2395,	214,	'2019-04-15',	'เช้า',	0),
(2396,	214,	'2019-04-15',	'บ่าย',	0),
(2397,	214,	'2019-04-16',	'เช้า',	0),
(2398,	214,	'2019-04-16',	'บ่าย',	0),
(2399,	214,	'2019-04-17',	'เช้า',	0),
(2400,	214,	'2019-04-17',	'บ่าย',	0),
(2401,	214,	'2019-04-18',	'เช้า',	0),
(2402,	214,	'2019-04-18',	'บ่าย',	0),
(2403,	214,	'2019-04-19',	'เช้า',	0),
(2404,	214,	'2019-04-19',	'บ่าย',	0),
(2405,	214,	'2019-04-20',	'เช้า',	0),
(2406,	214,	'2019-04-20',	'บ่าย',	0),
(2407,	215,	'2019-04-14',	'เช้า',	0),
(2408,	215,	'2019-04-14',	'บ่าย',	0),
(2409,	215,	'2019-04-15',	'เช้า',	0),
(2410,	215,	'2019-04-15',	'บ่าย',	0),
(2411,	215,	'2019-04-16',	'เช้า',	0),
(2412,	215,	'2019-04-16',	'บ่าย',	0),
(2413,	215,	'2019-04-17',	'เช้า',	0),
(2414,	215,	'2019-04-17',	'บ่าย',	0),
(2415,	215,	'2019-04-18',	'เช้า',	0),
(2416,	215,	'2019-04-18',	'บ่าย',	0),
(2417,	215,	'2019-04-19',	'เช้า',	0),
(2418,	215,	'2019-04-19',	'บ่าย',	0),
(2419,	215,	'2019-04-20',	'เช้า',	0),
(2420,	215,	'2019-04-20',	'บ่าย',	0),
(2421,	216,	'2019-04-14',	'เช้า',	0),
(2422,	216,	'2019-04-14',	'บ่าย',	0),
(2423,	216,	'2019-04-15',	'เช้า',	0),
(2424,	216,	'2019-04-15',	'บ่าย',	0),
(2425,	216,	'2019-04-16',	'เช้า',	0),
(2426,	216,	'2019-04-16',	'บ่าย',	0),
(2427,	216,	'2019-04-17',	'เช้า',	0),
(2428,	216,	'2019-04-17',	'บ่าย',	0),
(2429,	216,	'2019-04-18',	'เช้า',	0),
(2430,	216,	'2019-04-18',	'บ่าย',	0),
(2431,	216,	'2019-04-19',	'เช้า',	0),
(2432,	216,	'2019-04-19',	'บ่าย',	0),
(2433,	216,	'2019-04-20',	'เช้า',	0),
(2434,	216,	'2019-04-20',	'บ่าย',	0),
(2435,	217,	'2019-04-14',	'เช้า',	0),
(2436,	217,	'2019-04-14',	'บ่าย',	0),
(2437,	217,	'2019-04-15',	'เช้า',	0),
(2438,	217,	'2019-04-15',	'บ่าย',	0),
(2439,	217,	'2019-04-16',	'เช้า',	0),
(2440,	217,	'2019-04-16',	'บ่าย',	0),
(2441,	217,	'2019-04-17',	'เช้า',	0),
(2442,	217,	'2019-04-17',	'บ่าย',	0),
(2443,	217,	'2019-04-18',	'เช้า',	0),
(2444,	217,	'2019-04-18',	'บ่าย',	0),
(2445,	217,	'2019-04-19',	'เช้า',	0),
(2446,	217,	'2019-04-19',	'บ่าย',	0),
(2447,	217,	'2019-04-20',	'เช้า',	0),
(2448,	217,	'2019-04-20',	'บ่าย',	0),
(2609,	258,	'2019-04-26',	'เช้า',	0),
(2610,	258,	'2019-04-26',	'บ่าย',	0),
(2611,	258,	'2019-04-27',	'เช้า',	0),
(2612,	258,	'2019-04-27',	'บ่าย',	0),
(2613,	259,	'2019-04-26',	'เช้า',	0),
(2614,	259,	'2019-04-26',	'บ่าย',	0),
(2615,	259,	'2019-04-27',	'เช้า',	0),
(2616,	259,	'2019-04-27',	'บ่าย',	0),
(2617,	260,	'2019-04-26',	'เช้า',	0),
(2618,	260,	'2019-04-26',	'บ่าย',	0),
(2619,	260,	'2019-04-27',	'เช้า',	0),
(2620,	260,	'2019-04-27',	'บ่าย',	0),
(2621,	261,	'2019-04-26',	'เช้า',	0),
(2622,	261,	'2019-04-26',	'บ่าย',	0),
(2623,	261,	'2019-04-27',	'เช้า',	0),
(2624,	261,	'2019-04-27',	'บ่าย',	0),
(2625,	262,	'2019-04-26',	'เช้า',	0),
(2626,	262,	'2019-04-26',	'บ่าย',	0),
(2627,	262,	'2019-04-27',	'เช้า',	0),
(2628,	262,	'2019-04-27',	'บ่าย',	0),
(2629,	263,	'2019-04-26',	'เช้า',	0),
(2630,	263,	'2019-04-26',	'บ่าย',	0),
(2631,	263,	'2019-04-27',	'เช้า',	0),
(2632,	263,	'2019-04-27',	'บ่าย',	0),
(2633,	264,	'2019-04-26',	'เช้า',	0),
(2634,	264,	'2019-04-26',	'บ่าย',	0),
(2635,	264,	'2019-04-27',	'เช้า',	0),
(2636,	264,	'2019-04-27',	'บ่าย',	0),
(2637,	265,	'2019-04-26',	'เช้า',	0),
(2638,	265,	'2019-04-26',	'บ่าย',	0),
(2639,	265,	'2019-04-27',	'เช้า',	0),
(2640,	265,	'2019-04-27',	'บ่าย',	0),
(2641,	266,	'2019-04-26',	'เช้า',	0),
(2642,	266,	'2019-04-26',	'บ่าย',	0),
(2643,	266,	'2019-04-27',	'เช้า',	0),
(2644,	266,	'2019-04-27',	'บ่าย',	0),
(2645,	267,	'2019-04-26',	'เช้า',	0),
(2646,	267,	'2019-04-26',	'บ่าย',	0),
(2647,	267,	'2019-04-27',	'เช้า',	0),
(2648,	267,	'2019-04-27',	'บ่าย',	0),
(2649,	268,	'2019-04-26',	'เช้า',	0),
(2650,	268,	'2019-04-26',	'บ่าย',	0),
(2651,	268,	'2019-04-27',	'เช้า',	0),
(2652,	268,	'2019-04-27',	'บ่าย',	0),
(2653,	269,	'2019-04-26',	'เช้า',	0),
(2654,	269,	'2019-04-26',	'บ่าย',	0),
(2655,	269,	'2019-04-27',	'เช้า',	0),
(2656,	269,	'2019-04-27',	'บ่าย',	0),
(2657,	270,	'2019-04-26',	'เช้า',	0),
(2658,	270,	'2019-04-26',	'บ่าย',	0),
(2659,	270,	'2019-04-27',	'เช้า',	0),
(2660,	270,	'2019-04-27',	'บ่าย',	0),
(2661,	271,	'2019-04-26',	'เช้า',	0),
(2662,	271,	'2019-04-26',	'บ่าย',	0),
(2663,	271,	'2019-04-27',	'เช้า',	0),
(2664,	271,	'2019-04-27',	'บ่าย',	0),
(2665,	272,	'2019-04-26',	'เช้า',	0),
(2666,	272,	'2019-04-26',	'บ่าย',	0),
(2667,	272,	'2019-04-27',	'เช้า',	0),
(2668,	272,	'2019-04-27',	'บ่าย',	0),
(2669,	273,	'2019-04-26',	'เช้า',	0),
(2670,	273,	'2019-04-26',	'บ่าย',	0),
(2671,	273,	'2019-04-27',	'เช้า',	0),
(2672,	273,	'2019-04-27',	'บ่าย',	0);

DROP TABLE IF EXISTS `responsibilities`;
CREATE TABLE `responsibilities` (
  `id` int(11) NOT NULL AUTO_INCREMENT,
  `teacher_id` int(11) NOT NULL,
  `activity_detail_id` int(11) NOT NULL,
  PRIMARY KEY (`id`),
  KEY `teacher_id` (`teacher_id`),
  KEY `activity_detail_id` (`activity_detail_id`),
  CONSTRAINT `responsibilities_ibfk_1` FOREIGN KEY (`teacher_id`) REFERENCES `teachers` (`id`),
  CONSTRAINT `responsibilities_ibfk_3` FOREIGN KEY (`activity_detail_id`) REFERENCES `activity_details` (`id`) ON DELETE CASCADE
) ENGINE=InnoDB DEFAULT CHARSET=utf8 COLLATE=utf8_unicode_ci;

INSERT INTO `responsibilities` (`id`, `teacher_id`, `activity_detail_id`) VALUES
(1,	9,	1),
(2,	9,	2),
(3,	12,	2),
(4,	15,	2),
(11,	9,	4),
(12,	9,	5);

DROP TABLE IF EXISTS `roles`;
CREATE TABLE `roles` (
  `id` int(11) NOT NULL AUTO_INCREMENT,
  `name` varchar(255) DEFAULT NULL,
  `isAdmin` bit(1) NOT NULL,
  `isTeacher` bit(1) NOT NULL,
  `isHeadTeacher` bit(1) NOT NULL,
  `created_at` datetime NOT NULL,
  `updated_at` datetime NOT NULL,
  PRIMARY KEY (`id`)
) ENGINE=InnoDB DEFAULT CHARSET=utf8;

INSERT INTO `roles` (`id`, `name`, `isAdmin`, `isTeacher`, `isHeadTeacher`, `created_at`, `updated_at`) VALUES
(1,	'ผู้ดูแลระบบ',	CONV('1', 2, 10) + 0,	CONV('0', 2, 10) + 0,	CONV('0', 2, 10) + 0,	'2019-01-09 23:03:53',	'2019-01-09 23:03:57'),
(2,	'อาจารย์',	CONV('0', 2, 10) + 0,	CONV('1', 2, 10) + 0,	CONV('0', 2, 10) + 0,	'2019-01-09 23:04:10',	'2019-01-09 23:04:13'),
(3,	'ประธานหลักสูตร',	CONV('0', 2, 10) + 0,	CONV('0', 2, 10) + 0,	CONV('1', 2, 10) + 0,	'2019-01-24 20:24:54',	'2019-01-24 20:24:54');

DROP TABLE IF EXISTS `students`;
CREATE TABLE `students` (
  `id` int(11) NOT NULL,
  `user_id` int(11) NOT NULL,
  `prefix` varchar(20) COLLATE utf8_unicode_ci NOT NULL,
  `firstname` varchar(100) COLLATE utf8_unicode_ci NOT NULL,
  `lastname` varchar(100) COLLATE utf8_unicode_ci NOT NULL,
  `image` text COLLATE utf8_unicode_ci,
  `year` varchar(4) COLLATE utf8_unicode_ci NOT NULL,
  `tel` varchar(10) COLLATE utf8_unicode_ci DEFAULT NULL,
  `email` varchar(200) COLLATE utf8_unicode_ci DEFAULT NULL,
  `created_at` datetime NOT NULL,
  `created_by` int(11) DEFAULT NULL,
  `updated_at` datetime NOT NULL,
  `updated_by` int(11) DEFAULT NULL,
  `deleted_at` datetime DEFAULT NULL ON UPDATE CURRENT_TIMESTAMP,
  PRIMARY KEY (`id`),
  KEY `user_id` (`user_id`),
  CONSTRAINT `students_ibfk_1` FOREIGN KEY (`user_id`) REFERENCES `users` (`id`)
) ENGINE=InnoDB DEFAULT CHARSET=utf8 COLLATE=utf8_unicode_ci;

INSERT INTO `students` (`id`, `user_id`, `prefix`, `firstname`, `lastname`, `image`, `year`, `tel`, `email`, `created_at`, `created_by`, `updated_at`, `updated_by`, `deleted_at`) VALUES
(12345678,	147,	'นางสาว',	'test',	'testtt',	NULL,	'2512',	NULL,	NULL,	'2019-03-22 09:37:55',	NULL,	'2019-03-22 09:38:11',	NULL,	'2019-03-22 09:38:11'),
(58111410,	124,	'นาย',	'โกเมศ',	'รักชุม',	NULL,	'2558',	NULL,	NULL,	'2019-03-20 14:47:26',	NULL,	'2019-03-20 14:47:26',	NULL,	NULL),
(58112418,	125,	'นาย',	'ฉลองราช',	'ประสิทธิวงศ์',	NULL,	'2558',	NULL,	NULL,	'2019-03-20 14:48:12',	NULL,	'2019-03-20 14:48:12',	NULL,	NULL),
(58112970,	126,	'นางสาว',	'ชิดชนก',	'ยีสมัน',	NULL,	'2558',	NULL,	NULL,	'2019-03-20 14:49:42',	NULL,	'2019-03-20 14:49:42',	NULL,	NULL),
(58113341,	127,	'นางสาว',	'ฏอฮีเราะฮ์',	'ฮูซัยนี',	NULL,	'2558',	NULL,	NULL,	'2019-03-20 14:50:37',	NULL,	'2019-03-20 14:50:37',	NULL,	NULL),
(58117656,	128,	'นาย',	'พรชัย',	'กลิ่นมาลา',	NULL,	'2558',	NULL,	NULL,	'2019-03-20 14:53:43',	NULL,	'2019-03-20 14:53:43',	NULL,	NULL),
(58120379,	129,	'นาย',	'วุฒิชัย',	'เพ็ชร์ทอง',	NULL,	'2558',	NULL,	NULL,	'2019-03-20 14:54:32',	NULL,	'2019-03-20 14:54:32',	NULL,	NULL),
(58121435,	130,	'นาย',	'สิทธิชัย',	'เขียวเข็ม',	NULL,	'2558',	NULL,	NULL,	'2019-03-20 15:08:21',	NULL,	'2019-03-20 15:08:21',	NULL,	NULL),
(58121856,	131,	'นางสาว',	'สุทสา',	'จันหอม',	NULL,	'2558',	NULL,	NULL,	'2019-03-20 15:12:38',	NULL,	'2019-03-20 15:12:38',	NULL,	NULL),
(58122516,	132,	'นาย',	'หฤษฎ์',	'คงทอง',	NULL,	'2558',	NULL,	NULL,	'2019-03-20 15:13:04',	NULL,	'2019-03-20 15:13:04',	NULL,	NULL),
(58140500,	133,	'นาย',	'กิตปกรณ์',	'ทองเงิน',	NULL,	'2558',	NULL,	NULL,	'2019-03-20 15:14:53',	NULL,	'2019-03-20 15:14:53',	NULL,	NULL),
(58141623,	134,	'นาย',	'ทัศวัฒน์',	'รัตนพันธ์',	NULL,	'2558',	NULL,	NULL,	'2019-03-20 15:17:09',	NULL,	'2019-03-20 15:17:09',	NULL,	NULL),
(58142753,	135,	'นางสาว',	'ประภาพร',	'มั่งมี',	NULL,	'2558',	NULL,	NULL,	'2019-03-20 15:17:42',	NULL,	'2019-03-20 15:17:42',	NULL,	NULL),
(58143033,	136,	'นาย',	'พงศธร',	'จันด้วง',	NULL,	'2558',	NULL,	NULL,	'2019-03-20 15:18:26',	NULL,	'2019-03-20 15:18:26',	NULL,	NULL),
(58143900,	137,	'นาย',	'มูฮัมหมัดมะฮ์ดี',	'ราโอ๊ะ',	NULL,	'2558',	NULL,	NULL,	'2019-03-20 15:19:01',	NULL,	'2019-03-20 15:19:01',	NULL,	NULL),
(58144239,	138,	'นาย',	'ลิขสิทธิ์',	'สุขชาญ',	NULL,	'2558',	NULL,	NULL,	'2019-03-20 15:21:56',	NULL,	'2019-03-20 15:21:56',	NULL,	NULL),
(58144924,	139,	'นาย',	'ศุภณัฐ',	'คุ้มปิยะผล',	NULL,	'2558',	NULL,	NULL,	'2019-03-20 15:23:25',	NULL,	'2019-03-20 15:23:25',	NULL,	NULL),
(58145236,	140,	'นางสาว',	'สุดารัตน์',	'ผิวอ่อน',	NULL,	'2558',	NULL,	NULL,	'2019-03-20 15:33:48',	NULL,	'2019-03-20 15:33:48',	NULL,	NULL),
(58147406,	141,	'นาย',	'ธนากร',	'ลิ้มสกุล',	NULL,	'2558',	NULL,	NULL,	'2019-03-20 15:34:35',	NULL,	'2019-03-20 15:34:35',	NULL,	NULL),
(58148602,	142,	'นางสาว',	'สิริพร',	'พุทธวิริยะ',	NULL,	'2558',	NULL,	NULL,	'2019-03-20 15:35:06',	NULL,	'2019-03-20 15:35:06',	NULL,	NULL),
(58149840,	143,	'นางสาว',	'อลีฟ',	'รักไทรทอง',	NULL,	'2558',	NULL,	NULL,	'2019-03-20 15:35:35',	NULL,	'2019-03-20 15:35:35',	NULL,	NULL),
(58162660,	144,	'นาย',	'สมศักดิ์',	'หมั่นถนอม',	NULL,	'2558',	NULL,	NULL,	'2019-03-20 15:36:01',	NULL,	'2019-03-20 15:36:01',	NULL,	NULL),
(58162694,	145,	'นาย',	'สหรัฐ',	'รักดำ',	NULL,	'2558',	NULL,	NULL,	'2019-03-20 15:36:32',	NULL,	'2019-03-20 15:36:32',	NULL,	NULL),
(59112557,	107,	'นาย',	'ชัยสิทธิ์',	'คุณาปกรณ์การ',	NULL,	'2559',	NULL,	NULL,	'2019-03-20 13:56:04',	NULL,	'2019-03-20 13:56:04',	NULL,	NULL),
(59113423,	108,	'นาย',	'ณัฐดนัย',	'จารย์โพธิ์',	NULL,	'2559',	NULL,	NULL,	'2019-03-20 13:56:36',	NULL,	'2019-03-20 13:56:36',	NULL,	NULL),
(59113589,	109,	'นาย',	'ณัฐพล',	'บุญสุวรรณ์',	NULL,	'2559',	NULL,	NULL,	'2019-03-20 13:57:09',	NULL,	'2019-03-20 13:57:09',	NULL,	NULL),
(59114462,	110,	'นาย',	'ธนวัฒน์',	'อุไรรัตน์',	NULL,	'2559',	NULL,	NULL,	'2019-03-20 13:57:40',	NULL,	'2019-03-20 13:57:40',	NULL,	NULL),
(59114819,	111,	'นางสาว',	'ธิดารัตน์',	'สุรัตวดี',	NULL,	'2559',	NULL,	NULL,	'2019-03-20 13:58:22',	NULL,	'2019-03-20 13:58:22',	NULL,	NULL),
(59119438,	112,	'นาย',	'ณัฐพงค์',	'ปริตรศิรประภา',	NULL,	'2559',	NULL,	NULL,	'2019-03-20 14:01:19',	NULL,	'2019-03-20 14:01:19',	NULL,	NULL),
(59119610,	113,	'นาย',	'วรวิบูล',	'ไกรแก้ว',	NULL,	'2559',	NULL,	NULL,	'2019-03-20 14:01:52',	NULL,	'2019-03-20 14:01:52',	NULL,	NULL),
(59119941,	114,	'นางสาว',	'วิชุตา',	'หมาดอะดำ',	NULL,	'2559',	NULL,	NULL,	'2019-03-20 14:02:19',	NULL,	'2019-03-20 14:02:19',	NULL,	NULL),
(59120535,	115,	'นางสาว',	'ศิริกัญญา',	'หัตถการ',	NULL,	'2559',	NULL,	NULL,	'2019-03-20 14:04:32',	NULL,	'2019-03-20 14:04:32',	NULL,	NULL),
(59121368,	116,	'นางสาว',	'สิดารัศมิ์',	'ขาวบาง',	NULL,	'2559',	NULL,	NULL,	'2019-03-20 14:05:09',	NULL,	'2019-03-20 14:05:09',	NULL,	NULL),
(59121970,	117,	'นางสาว',	'สุภาวดี',	'โพธิ์แป้น',	NULL,	'2559',	NULL,	NULL,	'2019-03-20 14:05:46',	NULL,	'2019-03-20 14:05:46',	NULL,	NULL),
(59123570,	118,	'นาย',	'อารีฟีน',	'กุลดี',	NULL,	'2559',	NULL,	NULL,	'2019-03-20 14:06:41',	NULL,	'2019-03-20 14:06:41',	NULL,	NULL),
(59141242,	119,	'นางสาว',	'ณกรตา',	'เปียทอง',	NULL,	'2559',	NULL,	NULL,	'2019-03-20 14:07:11',	NULL,	'2019-03-20 14:07:11',	NULL,	NULL),
(59142901,	120,	'นางสาว',	'พัฒนะศักดิ์',	'พิเศษศิลป์',	NULL,	'2559',	NULL,	NULL,	'2019-03-20 14:07:57',	NULL,	'2019-03-20 14:07:57',	NULL,	NULL),
(59145003,	121,	'นาย',	'อัสมาวี',	'ลาเตะ',	NULL,	'2559',	NULL,	NULL,	'2019-03-20 14:08:29',	NULL,	'2019-03-20 14:08:29',	NULL,	NULL),
(59145219,	122,	'นาย',	'เอกวิชญ์',	'จำนงจิต',	NULL,	'2559',	NULL,	NULL,	'2019-03-20 14:17:12',	NULL,	'2019-03-20 14:17:12',	NULL,	NULL),
(59147918,	123,	'นาย',	'ณัฐวุฒิ',	'ชูบัวทอง',	NULL,	'2559',	NULL,	NULL,	'2019-03-20 14:17:45',	NULL,	'2019-03-20 14:17:45',	NULL,	NULL),
(60110673,	91,	'นางสาว',	'เก็จมณี',	'ทองใบ',	NULL,	'2560',	NULL,	NULL,	'2019-03-20 13:22:22',	NULL,	'2019-03-20 13:22:22',	NULL,	NULL),
(60110863,	92,	'นาย',	'คุณัชญ์',	'ทองมี',	NULL,	'2560',	NULL,	NULL,	'2019-03-20 13:22:57',	NULL,	'2019-03-20 13:22:57',	NULL,	NULL),
(60111465,	93,	'นาย',	'ชลธาร',	'แก้วเจริญ',	NULL,	'2560',	NULL,	NULL,	'2019-03-20 13:27:26',	NULL,	'2019-03-20 13:27:26',	NULL,	NULL),
(60112869,	94,	'นาย',	'ธีนพัฒน์',	'รัตนวงศ์',	NULL,	'2560',	NULL,	NULL,	'2019-03-20 13:28:26',	NULL,	'2019-03-20 13:28:26',	NULL,	NULL),
(60113008,	95,	'นาย',	'นฤเบศ',	'รีวรรณ',	NULL,	'2560',	NULL,	NULL,	'2019-03-20 13:34:26',	NULL,	'2019-03-20 13:34:26',	NULL,	NULL),
(60113479,	96,	'นาย',	'บุรินทร์',	'พันธ์ชาติ',	NULL,	'2560',	NULL,	NULL,	'2019-03-20 13:35:46',	NULL,	'2019-03-20 13:35:46',	NULL,	NULL),
(60113834,	97,	'นางสาว',	'ปัญญพัฒน์',	'เจือบุญ',	NULL,	'2560',	NULL,	NULL,	'2019-03-20 13:36:23',	NULL,	'2019-03-20 13:36:23',	NULL,	NULL),
(60114105,	98,	'นาย',	'พงศธร',	'รักทอง',	NULL,	'2560',	NULL,	NULL,	'2019-03-20 13:38:19',	NULL,	'2019-03-20 13:38:19',	NULL,	NULL),
(60140365,	99,	'นาย',	'กิตติพงษ์',	'ทูรย์ภานุประพันธ์',	NULL,	'2560',	NULL,	NULL,	'2019-03-20 13:39:13',	NULL,	'2019-03-20 13:39:13',	NULL,	NULL),
(60140852,	100,	'นางสาว',	'จุตติมาศ',	'มาลัย',	NULL,	'2560',	NULL,	NULL,	'2019-03-20 13:41:31',	NULL,	'2019-03-20 13:41:31',	NULL,	NULL),
(60141900,	101,	'นางสาว',	'ธัญวรัตน์',	'จินดา',	NULL,	'2560',	NULL,	NULL,	'2019-03-20 13:41:58',	NULL,	'2019-03-20 13:41:58',	NULL,	NULL),
(60144235,	102,	'นางสาว',	'ศิริรัตน์',	'วิชิตแย้ม',	NULL,	'2560',	NULL,	NULL,	'2019-03-20 13:42:37',	NULL,	'2019-03-20 13:42:37',	NULL,	NULL),
(60144730,	103,	'นาย',	'สุทธิพงษ์',	'จินตาแก้ว',	NULL,	'2560',	NULL,	NULL,	'2019-03-20 13:43:08',	NULL,	'2019-03-20 13:43:08',	NULL,	NULL),
(60144961,	104,	'นางสาว',	'เสาวรัตน์',	'ชวนดี',	NULL,	'2560',	NULL,	NULL,	'2019-03-20 13:43:50',	NULL,	'2019-03-20 13:43:50',	NULL,	NULL),
(60146313,	105,	'นาย',	'ชัชวาล',	'สุคนธปฏิภาค',	NULL,	'2560',	NULL,	NULL,	'2019-03-20 13:44:22',	NULL,	'2019-03-20 13:44:22',	NULL,	NULL),
(60191053,	106,	'นางสาว',	'อะวาฏิฟ',	'ยูโซ๊ะ',	NULL,	'2560',	NULL,	NULL,	'2019-03-20 13:44:56',	NULL,	'2019-03-20 13:44:56',	NULL,	NULL),
(61101192,	67,	'นางสาว',	'จริยาวดี',	'เนียมนาค',	NULL,	'2561',	NULL,	NULL,	'2019-03-18 13:50:18',	NULL,	'2019-03-18 13:50:18',	NULL,	NULL),
(61101242,	68,	'นาย',	'จักรพงษ์',	'กระต่ายทอง',	NULL,	'2561',	NULL,	NULL,	'2019-03-18 13:51:50',	NULL,	'2019-03-18 13:51:50',	NULL,	NULL),
(61101655,	69,	'นางสาว',	'จุฑาภรณ์',	'พุ่มมณี',	NULL,	'2561',	NULL,	NULL,	'2019-03-18 13:52:57',	NULL,	'2019-03-18 13:52:57',	NULL,	NULL),
(61102299,	70,	'นาย',	'โชติวิชช์',	'วรเดช',	NULL,	'2561',	NULL,	NULL,	'2019-03-18 13:54:20',	NULL,	'2019-03-18 13:54:20',	NULL,	NULL),
(61103776,	71,	'นาย',	'ธิติพงศ์',	'ปุรินสุวรรณ',	NULL,	'2561',	NULL,	NULL,	'2019-03-18 13:55:39',	NULL,	'2019-03-18 13:55:39',	NULL,	NULL),
(61104139,	72,	'นาย',	'นลธวัช',	'แก้วจีน',	NULL,	'2561',	NULL,	NULL,	'2019-03-18 13:56:34',	NULL,	'2019-03-18 13:56:34',	NULL,	NULL),
(61105631,	73,	'นางสาว',	'ปิยมินทร์',	'ใจมา',	NULL,	'2561',	NULL,	NULL,	'2019-03-18 13:57:43',	NULL,	'2019-03-18 13:57:43',	NULL,	NULL),
(61105888,	74,	'นาย',	'พนมกร',	'มหาสวัสดิ์',	NULL,	'2561',	NULL,	NULL,	'2019-03-18 13:59:08',	NULL,	'2019-03-18 13:59:08',	NULL,	NULL),
(61107686,	75,	'นาย',	'วรเมธ',	'ขวัญนิมิตร',	NULL,	'2561',	NULL,	NULL,	'2019-03-18 13:59:49',	NULL,	'2019-03-18 13:59:49',	NULL,	NULL),
(61108262,	76,	'นางสาว',	'ศรินญา',	'คงเส้ง',	NULL,	'2561',	NULL,	NULL,	'2019-03-18 14:00:47',	NULL,	'2019-03-18 14:00:47',	NULL,	NULL),
(61108718,	77,	'นางสาว',	'สจีหัสสา',	'อินทรวิมล',	NULL,	'2561',	NULL,	NULL,	'2019-03-18 14:01:44',	NULL,	'2019-03-18 14:01:44',	NULL,	NULL),
(61111191,	78,	'นางสาว',	'จิราวรรณ',	'ช่วยแก้ว',	NULL,	'2561',	NULL,	NULL,	'2019-03-18 14:02:57',	NULL,	'2019-03-18 14:02:57',	NULL,	NULL),
(61111415,	79,	'นางสาว',	'ชุติมา',	'อนันตกูล',	NULL,	'2561',	NULL,	NULL,	'2019-03-18 14:03:47',	NULL,	'2019-03-18 14:03:47',	NULL,	NULL),
(61113239,	80,	'นาย',	'วิทวัส',	'ช่วยพนัง',	NULL,	'2561',	NULL,	NULL,	'2019-03-18 14:04:33',	NULL,	'2019-03-18 14:04:33',	NULL,	NULL),
(61113403,	81,	'นาย',	'ศิวกร',	'หนักแน่น',	NULL,	'2561',	NULL,	NULL,	'2019-03-18 14:05:15',	NULL,	'2019-03-18 14:05:15',	NULL,	NULL),
(61113619,	82,	'นาย',	'สิทธินนท์',	'เดิมหลิ่ม',	NULL,	'2561',	NULL,	NULL,	'2019-03-18 14:05:55',	NULL,	'2019-03-18 14:05:55',	NULL,	NULL),
(61113858,	83,	'นาย',	'สุวิจักขณ์',	'พิศสุพรรณ',	NULL,	'2561',	NULL,	NULL,	'2019-03-18 14:07:18',	NULL,	'2019-03-18 14:07:18',	NULL,	NULL),
(61115184,	84,	'นาย',	'ก่อกฤษฎิ์',	'อินทิศ',	NULL,	'2561',	NULL,	NULL,	'2019-03-18 14:07:54',	NULL,	'2019-03-18 14:07:54',	NULL,	NULL),
(61115267,	85,	'นางสาว',	'ชนิกานต์',	'พจมานพงศ์',	NULL,	'2561',	NULL,	NULL,	'2019-03-18 14:08:41',	NULL,	'2019-03-18 14:08:41',	NULL,	NULL),
(61116141,	86,	'นาย',	'ณธกร',	'จิระอรรคพงษ์',	NULL,	'2561',	NULL,	NULL,	'2019-03-18 14:09:30',	NULL,	'2019-03-18 14:09:30',	NULL,	NULL),
(61118717,	87,	'นาย',	'รัตธนาตย์',	'รัตนพันธุ์',	NULL,	'2561',	NULL,	NULL,	'2019-03-18 14:13:06',	NULL,	'2019-03-18 14:13:06',	NULL,	NULL),
(61120531,	88,	'นาย',	'ชุมพร',	'แก้วพิทักษ์',	NULL,	'2561',	NULL,	NULL,	'2019-03-18 14:13:44',	NULL,	'2019-03-18 14:13:44',	NULL,	NULL),
(61122516,	66,	'นาย',	'หฤษฎ์',	'คงทอง',	NULL,	'2561',	NULL,	NULL,	'2019-03-07 12:13:28',	NULL,	'2019-03-18 13:47:11',	NULL,	'2019-03-18 13:47:11'),
(61122685,	89,	'นางสาว',	'สัณห์สินี',	'รักเนียม',	NULL,	'2561',	NULL,	NULL,	'2019-03-18 14:14:19',	NULL,	'2019-03-18 14:14:19',	NULL,	NULL);

DROP TABLE IF EXISTS `teachers`;
CREATE TABLE `teachers` (
  `id` int(11) NOT NULL AUTO_INCREMENT,
  `user_id` int(11) NOT NULL,
  `position_id` int(11) NOT NULL,
  `role_id` int(11) NOT NULL,
  `prefix` text COLLATE utf8_unicode_ci NOT NULL,
  `firstname` varchar(100) COLLATE utf8_unicode_ci NOT NULL,
  `lastname` varchar(100) COLLATE utf8_unicode_ci NOT NULL,
  `image` text COLLATE utf8_unicode_ci,
  `tel` varchar(10) COLLATE utf8_unicode_ci NOT NULL,
  `email` varchar(200) COLLATE utf8_unicode_ci NOT NULL,
  `room` varchar(200) COLLATE utf8_unicode_ci NOT NULL,
  `created_at` datetime NOT NULL,
  `created_by` int(11) NOT NULL,
  `updated_at` datetime NOT NULL,
  `updated_by` int(11) NOT NULL,
  `deleted_at` datetime DEFAULT NULL,
  PRIMARY KEY (`id`),
  KEY `user_id` (`user_id`),
  KEY `position_id` (`position_id`),
  KEY `role_id` (`role_id`),
  CONSTRAINT `teachers_ibfk_1` FOREIGN KEY (`user_id`) REFERENCES `users` (`id`),
  CONSTRAINT `teachers_ibfk_2` FOREIGN KEY (`position_id`) REFERENCES `positions` (`id`),
  CONSTRAINT `teachers_ibfk_3` FOREIGN KEY (`role_id`) REFERENCES `roles` (`id`)
) ENGINE=InnoDB DEFAULT CHARSET=utf8 COLLATE=utf8_unicode_ci;

INSERT INTO `teachers` (`id`, `user_id`, `position_id`, `role_id`, `prefix`, `firstname`, `lastname`, `image`, `tel`, `email`, `room`, `created_at`, `created_by`, `updated_at`, `updated_by`, `deleted_at`) VALUES
(8,	55,	2,	2,	'ผู้ช่วยศาสตราจารย์ ดร.',	'ฐิมาพร',	'เพชรแก้ว',	NULL,	'2275456461',	'pthimapo2@wu.ac.th',	'c3',	'2019-01-27 22:34:34',	0,	'2019-03-07 15:49:05',	0,	NULL),
(9,	56,	3,	3,	'อาจารย์ ดร.',	'กรัณรัตน์',	'ธรรมรักษ์',	NULL,	'0899999999',	'kanchan.th@wu.ac.th',	'อาคารวิชาการ3',	'2019-01-27 22:36:34',	0,	'2019-03-07 15:08:18',	0,	NULL),
(10,	57,	1,	1,	'นาย',	'ประทีป',	'คงกล้า',	NULL,	'',	'pra@wu.ac.th',	'ตึกนวัตรกรรม',	'2019-01-27 22:37:37',	0,	'2019-03-07 15:04:14',	0,	NULL),
(11,	58,	2,	2,	'ผู้ช่วยศาสตราจารย์',	'อุหมาด',	'หมัดอาด้ำ',	NULL,	'0899909099',	'muhamard@wu.ac.th',	'อาคารวิชาการ3',	'2019-01-27 22:41:14',	0,	'2019-03-07 15:08:19',	0,	NULL),
(12,	59,	2,	2,	'อาจารย์ ดร.',	'พุทธิพร',	'ธนธรรมเมธี',	NULL,	'0800000000',	'putthiporn.th@wu.ac.th',	'อาคารวิชาการ3',	'2019-01-27 22:43:19',	0,	'2019-03-07 15:08:20',	0,	NULL),
(13,	60,	2,	2,	'ผู้ช่วยศาสตราจารย์',	'เยาวเรศ',	'ศิริสถิตย์กุล',	NULL,	'',	'syaowara@wu.ac.th',	'อาคารวิชาการ3',	'2019-01-27 22:44:52',	0,	'2019-03-07 15:08:21',	0,	NULL),
(14,	146,	1,	1,	'นาย',	'test',	'test',	NULL,	'0908243820',	'so@hotmail.com',	'c',	'2019-03-22 09:37:06',	0,	'2019-03-22 09:37:12',	0,	'2019-03-22 09:37:12'),
(15,	148,	3,	3,	'ผู้ช่วยศาสตราจารย์ ดร.',	'ประธาน',	'หลักสูตร',	NULL,	'0908243820',	'sudarat@gmail.com',	'c3',	'2019-03-28 15:54:41',	0,	'2019-03-28 15:54:41',	0,	NULL);

DROP TABLE IF EXISTS `terms`;
CREATE TABLE `terms` (
  `year` int(4) NOT NULL,
  `sector` int(1) NOT NULL,
  PRIMARY KEY (`year`,`sector`)
) ENGINE=InnoDB DEFAULT CHARSET=utf8 COLLATE=utf8_unicode_ci;

INSERT INTO `terms` (`year`, `sector`) VALUES
(2558,	1),
(2558,	2),
(2558,	3),
(2559,	1),
(2559,	2),
(2559,	3),
(2560,	1),
(2560,	3),
(2561,	1),
(2561,	2),
(2561,	3);

DROP TABLE IF EXISTS `users`;
CREATE TABLE `users` (
  `id` int(11) NOT NULL AUTO_INCREMENT,
  `username` varchar(50) COLLATE utf8_unicode_ci NOT NULL,
  `password` varchar(200) COLLATE utf8_unicode_ci NOT NULL,
  `remember_token` text COLLATE utf8_unicode_ci,
  `created_at` datetime NOT NULL DEFAULT '0000-00-00 00:00:00' ON UPDATE CURRENT_TIMESTAMP,
  `created_by` varchar(50) COLLATE utf8_unicode_ci NOT NULL,
  `updated_at` datetime DEFAULT NULL,
  `updated_by` varchar(50) COLLATE utf8_unicode_ci DEFAULT NULL,
  PRIMARY KEY (`id`)
) ENGINE=InnoDB DEFAULT CHARSET=utf8 COLLATE=utf8_unicode_ci;

INSERT INTO `users` (`id`, `username`, `password`, `remember_token`, `created_at`, `created_by`, `updated_at`, `updated_by`) VALUES
(55,	'pthimapo2@wu.ac.th',	'$2y$10$LSA1n/xcA4JVRfAuwv9aa.mOtXzTY.rLH9tdqpMSSGXBEe61K6QcS',	NULL,	'2019-03-07 15:49:05',	'',	'2019-03-07 15:49:05',	NULL),
(56,	'kanchan.th@wu.ac.th',	'$2y$10$hcmyFbQ0MOqD9/37bpSREOAYNeWmttQsF770Qp633Z86T6d5WpDWK',	'v3paWZlIWtoZgqqdM7kvMR68Du9QHFHlhap2fTzorMNrs2gHIWSHN4ocqHry',	'2019-04-04 10:27:46',	'',	'2019-04-04 10:27:46',	NULL),
(57,	'pra@wu.ac.th',	'$2y$10$A.lILFswamQywIkyiVhEn.eUOH4UkFdOs2MOe2NEN8UkMd78akSey',	'z4AZAM2lBAZzEVsGHewSa2mWRHuIrh3Ec4mBdAx4Z4vi0t4vuf20KgbgfhhD',	'2019-04-04 10:38:59',	'',	'2019-04-04 10:38:59',	NULL),
(58,	'muhamard@wu.ac.th',	'$2y$10$cjlExpqXoFsdtfqfO8oRxOzGAvxW6VBRhDf1haWT0JvW3i1qH8K0.',	NULL,	'2019-02-05 12:46:46',	'',	'2019-02-05 12:46:46',	NULL),
(59,	'putthiporn.th@wu.ac.th',	'$2y$10$4iixfs8x4vmUj22ktXQMLe22s59bFZZSycs2EJc7XT0m9JXYu51a.',	NULL,	'2019-02-05 12:43:17',	'',	'2019-02-05 12:43:17',	NULL),
(60,	'syaowara@wu.ac.th',	'$2y$10$EE5FpFUInqFHI4JbMxffi.ciyNbmFOifx8G/uwfl7ia9TpvCv3lU2',	NULL,	'2019-02-05 12:45:12',	'',	'2019-02-05 12:45:12',	NULL),
(66,	'61122516',	'$2y$10$qiPifv6D/9pgAAKN.v17UOs5MeH1nVh5DoJdft/l.6BNiv.GqDwJK',	NULL,	'2019-03-07 12:13:28',	'',	'2019-03-07 12:13:28',	NULL),
(67,	'61101192',	'$2y$10$JtL955mRwYQp40NmXZUVEevROCjykDm7n0kfZllVABLfVYMVNRxxC',	NULL,	'2019-03-18 13:50:18',	'',	'2019-03-18 13:50:18',	NULL),
(68,	'61101242',	'$2y$10$cJrNHlrQjUuDPSFmk594OeSz1xhWCuJuQMqVZt7t0MmdfszF6wnMG',	NULL,	'2019-03-18 13:51:50',	'',	'2019-03-18 13:51:50',	NULL),
(69,	'61101655',	'$2y$10$wgo7Fa6TNYMuEG2jjrHUuum29MeNMfbweQolGLcZDp2h/rIV/8qe6',	NULL,	'2019-03-18 13:52:57',	'',	'2019-03-18 13:52:57',	NULL),
(70,	'61102299',	'$2y$10$Fxci0rNfjrCG5CLriTkP.eqPfw2AW11RBT0a8MbQzfZqfxZNscqBC',	NULL,	'2019-03-18 13:54:20',	'',	'2019-03-18 13:54:20',	NULL),
(71,	'61103776',	'$2y$10$mZxJXB7mvuGf0h36uGX4zu8oXj3ZfPFthAtPL842snePX08eOtiXq',	NULL,	'2019-03-18 13:55:39',	'',	'2019-03-18 13:55:39',	NULL),
(72,	'61104139',	'$2y$10$zWzu.Z3xEgeXRgkakBG/r.vZXp0lUU/xJsbqrE5Wy5YKEy9GooBW2',	NULL,	'2019-03-18 13:56:34',	'',	'2019-03-18 13:56:34',	NULL),
(73,	'61105631',	'$2y$10$JldSiDgmo1ZqGUENSiZ4dOEbU3Ox/R9ks.X.Bx0J7Ob/BWGMIUyNa',	NULL,	'2019-03-18 13:57:42',	'',	'2019-03-18 13:57:42',	NULL),
(74,	'61105888',	'$2y$10$xHmKTIsUQFLBrUhWYxdOkO5Nnnj5yp54yHSDQlNT0y8OVB3rdiak2',	NULL,	'2019-03-18 13:59:08',	'',	'2019-03-18 13:59:08',	NULL),
(75,	'61107686',	'$2y$10$WaDw577JJ8kxslAkXfOMC.tMPYtE7jxn7WOM9UT8TfsxH6bxoGqBq',	NULL,	'2019-03-18 13:59:49',	'',	'2019-03-18 13:59:49',	NULL),
(76,	'61108262',	'$2y$10$xLZbNALchlZjGLZt1oqWDOcgSEtZv2ND/wM5qKxCS4sFFXa.WzAdq',	NULL,	'2019-03-18 14:00:47',	'',	'2019-03-18 14:00:47',	NULL),
(77,	'61108718',	'$2y$10$oEF6tAJgjQ.3stLskJhClOL4EUekljMsJRfT1f.eAuaANo9tdHafu',	NULL,	'2019-03-18 14:01:44',	'',	'2019-03-18 14:01:44',	NULL),
(78,	'61111191',	'$2y$10$mKn4aA9L6K6gkE0o5Fs66esRApC4S4TAzSUXofasVd1CIh5yTg9lO',	NULL,	'2019-03-18 14:02:57',	'',	'2019-03-18 14:02:57',	NULL),
(79,	'61111415',	'$2y$10$wy1D8uu1YkSy4eAxZp2H4.m8pccSscjKmvxFyANvE4lWtodKmhqY6',	NULL,	'2019-03-18 14:03:47',	'',	'2019-03-18 14:03:47',	NULL),
(80,	'61113239',	'$2y$10$xn97ll14PpetTXaCmxFlKe5oHxfqLSJ0ROWXQFWBL1hPuYk4xXUQ2',	NULL,	'2019-03-18 14:04:33',	'',	'2019-03-18 14:04:33',	NULL),
(81,	'61113403',	'$2y$10$ce2tsE29Lz.YundBEpsP3el2fkkjXMLsY3KWgVOBXRaXplPaymJxq',	NULL,	'2019-03-18 14:05:15',	'',	'2019-03-18 14:05:15',	NULL),
(82,	'61113619',	'$2y$10$WfWPoWCb6ZbUkohu.iS0j.GV/pK4QLTz28.hSr02NwUZprk8hWmtq',	NULL,	'2019-03-18 14:05:55',	'',	'2019-03-18 14:05:55',	NULL),
(83,	'61113858',	'$2y$10$7QC7nRpQjPW.NAKKT0hoaeP5tTtmaeM6H.USUkbYyMQUAISf2mZTK',	NULL,	'2019-03-18 14:07:18',	'',	'2019-03-18 14:07:18',	NULL),
(84,	'61115184',	'$2y$10$tDzf.E0MZ5fLcx4JUCOy0um8GDFLj2weGc7UvBKtyfPY.UK3lgJRK',	NULL,	'2019-03-18 14:07:54',	'',	'2019-03-18 14:07:54',	NULL),
(85,	'61115267',	'$2y$10$dgM/LgLnY0D/BqHO7WWfbeO.LE0MOd9XeZGmfeXniEkDSCxrFjUDq',	NULL,	'2019-03-18 14:08:41',	'',	'2019-03-18 14:08:41',	NULL),
(86,	'61116141',	'$2y$10$ujL4DZ/6w/49V.1/HVqUqOfYfJnSpi/kf0Au6K976kO.RSSVbhG7O',	NULL,	'2019-03-18 14:09:30',	'',	'2019-03-18 14:09:30',	NULL),
(87,	'61118717',	'$2y$10$kjix7E9g6YFtnAA2fMwCleaHRa9vynVi6Vl1W410Be0bmzuUW3YnG',	NULL,	'2019-03-18 14:13:06',	'',	'2019-03-18 14:13:06',	NULL),
(88,	'61120531',	'$2y$10$o/IZi3AMsZ8YMqtAcVYaVOwIciSId94CwCczhSV7HDR443ZAdMGra',	NULL,	'2019-03-18 14:13:44',	'',	'2019-03-18 14:13:44',	NULL),
(89,	'61122685',	'$2y$10$K9o4hhoWYoOwaHKAwZK4uupKoghRfdcBYAMtuE8SRQ49jPcgz5NjC',	NULL,	'2019-03-18 14:14:19',	'',	'2019-03-18 14:14:19',	NULL),
(91,	'60110673',	'$2y$10$PERC/7CiOi9FhN08sIkPLeBNL3rnjgUAirmG4UPKv1e/Hd4JXG3Pq',	NULL,	'2019-03-20 13:22:22',	'',	'2019-03-20 13:22:22',	NULL),
(92,	'60110863',	'$2y$10$gRtfBnkj9HM1LiuWoh6rK.zImEf3qR.njjDjFU34oS4T9ZzLUEtg2',	NULL,	'2019-03-20 13:22:57',	'',	'2019-03-20 13:22:57',	NULL),
(93,	'60111465',	'$2y$10$twdY0.SkdPec./9QA9YYT.rDQXkGDuYNxxcG9/6t2kgAYQI4oO3WC',	NULL,	'2019-03-20 13:27:26',	'',	'2019-03-20 13:27:26',	NULL),
(94,	'60112869',	'$2y$10$TEb709aAmWIZcSr7wihiGuxp/aLCQmaDVxgFBk3A0PQw85mlBBCoO',	NULL,	'2019-03-20 13:28:26',	'',	'2019-03-20 13:28:26',	NULL),
(95,	'60113008',	'$2y$10$edORuOhTWLBue0R5BT0McOSbtwPDAu3lcGSj7usYU2KFUhLITHj16',	NULL,	'2019-03-20 13:34:26',	'',	'2019-03-20 13:34:26',	NULL),
(96,	'60113479',	'$2y$10$ldSLlANzLIL7RGwwMQqgQecw3A/GGsbABcuev7tvxyxgShtWqS9Be',	NULL,	'2019-03-20 13:35:46',	'',	'2019-03-20 13:35:46',	NULL),
(97,	'60113834',	'$2y$10$hpsybBLnRIwVOmo5iGksTeoYjq6uc7URVs0N63QKLZneq2W.mEHsy',	NULL,	'2019-03-20 13:36:23',	'',	'2019-03-20 13:36:23',	NULL),
(98,	'60114105',	'$2y$10$YTX8Bv09W/IDmEOHvmgSOO7CayRnEtNU6KXQWjP2DIxd4d38vDu7K',	NULL,	'2019-03-20 13:38:19',	'',	'2019-03-20 13:38:19',	NULL),
(99,	'60140365',	'$2y$10$Hx31IIq20OXiHW9MciStOeCStVFs60j0s8tgGJcs..cHKHvuZE2R.',	NULL,	'2019-03-20 13:39:13',	'',	'2019-03-20 13:39:13',	NULL),
(100,	'60140852',	'$2y$10$.P4NGVpBVAytBrNRo3BoKOV3aWbzUxI9gCeUsb3/u0pygXH0dBl7G',	NULL,	'2019-03-20 13:41:31',	'',	'2019-03-20 13:41:31',	NULL),
(101,	'60141900',	'$2y$10$zGiAX0WbLmvSt57RePyo5.JXnKxaCV9Wg6ACr.XETsU/op/JtRh.S',	NULL,	'2019-03-20 13:41:58',	'',	'2019-03-20 13:41:58',	NULL),
(102,	'60144235',	'$2y$10$9QETjqZ64nvwlzVLyWLXEe540JdncbClm0n9wQpd0f2U37j3lqhOK',	NULL,	'2019-03-20 13:42:37',	'',	'2019-03-20 13:42:37',	NULL),
(103,	'60144730',	'$2y$10$TJhC/hIR3uevpjWynZYk.uuylDQAVoJa5vX72kHY1v5cs61A4aOd2',	NULL,	'2019-03-20 13:43:08',	'',	'2019-03-20 13:43:08',	NULL),
(104,	'60144961',	'$2y$10$7PnS5wh.DvRDq/tYoW4EKuNCsu3Q/CUei7QlVba9NI8PVUbrP/9/y',	NULL,	'2019-03-20 13:43:50',	'',	'2019-03-20 13:43:50',	NULL),
(105,	'60146313',	'$2y$10$u16ZmP9uEtPF1t0Z9vPZ.OZxQBvCKVLmHLg/oEK1vNy8XHZO7i2IG',	NULL,	'2019-03-20 13:44:22',	'',	'2019-03-20 13:44:22',	NULL),
(106,	'60191053',	'$2y$10$NqbT8fsU.oh/vlAG.33Quu/qVWXOFgqtIaQT2z4nq9VwB1T59n97.',	NULL,	'2019-03-20 13:44:56',	'',	'2019-03-20 13:44:56',	NULL),
(107,	'59112557',	'$2y$10$9.f7QusOIVq5H/qWz0Jdy.8E7eEvUxTxdIXHpe.u1VITuxapSmbd2',	NULL,	'2019-03-20 13:56:04',	'',	'2019-03-20 13:56:04',	NULL),
(108,	'59113423',	'$2y$10$9UygSPs2RwqJWm38hOGRN.nejTonMEKIuD29PJZ9sgFUox.gtpYR.',	NULL,	'2019-03-20 13:56:36',	'',	'2019-03-20 13:56:36',	NULL),
(109,	'59113589',	'$2y$10$kY5OzjzlE4QnG1UzI7yaaeI3HYoikoqO6f02p87u3c68YzC2FgfSS',	NULL,	'2019-03-20 13:57:09',	'',	'2019-03-20 13:57:09',	NULL),
(110,	'59114462',	'$2y$10$PzWQbc/VsXFnQkWW27UeaOKSIMYP3eUouZntmVXEE.5fqVrfdMSTG',	NULL,	'2019-03-20 13:57:40',	'',	'2019-03-20 13:57:40',	NULL),
(111,	'59114819',	'$2y$10$G4cYMS/w.nphNNGAYvqt.e8zkH6WWQkxCavfkRp7c/lDcUtkDmnbe',	NULL,	'2019-03-20 13:58:22',	'',	'2019-03-20 13:58:22',	NULL),
(112,	'59119438',	'$2y$10$1yVid4TqbgS4kECWlhahmO0cU3uiCeGPGVdtwoGdTXRosLjkJhxfi',	NULL,	'2019-03-20 14:01:19',	'',	'2019-03-20 14:01:19',	NULL),
(113,	'59119610',	'$2y$10$6GgzoDZcCnR8MxIEdnCGs.7W.sX.4Ey98U9nw/gRcnncVnL5qYSsC',	NULL,	'2019-03-20 14:01:52',	'',	'2019-03-20 14:01:52',	NULL),
(114,	'59119941',	'$2y$10$j.m7vtjWCpbad/WFM/iuZunXVkDK909/1xGYlssgQjFppaapZ.b2C',	NULL,	'2019-03-20 14:02:19',	'',	'2019-03-20 14:02:19',	NULL),
(115,	'59120535',	'$2y$10$uMKBJf92cbhSyQ1c3modAeNbr2oVeDSq6ViMTtebM/TvU/kpr7Pay',	NULL,	'2019-03-20 14:04:32',	'',	'2019-03-20 14:04:32',	NULL),
(116,	'59121368',	'$2y$10$qo3cV/n6EbTaq.HXgHFhqed2cEp4Id4lKcNMConR43DCcQRWK2WEG',	NULL,	'2019-03-20 14:05:09',	'',	'2019-03-20 14:05:09',	NULL),
(117,	'59121970',	'$2y$10$MR2owH3oGNr6qQa6Zg1MaufgPuBZrQTqUlyji7HTIjX/8lqNuWLUy',	NULL,	'2019-03-20 14:05:46',	'',	'2019-03-20 14:05:46',	NULL),
(118,	'59123570',	'$2y$10$Ojf06B2QpR0mMGXGlwLY1.pxf5PVAWSenB/EdhrjKMx0VGbJh8C8e',	NULL,	'2019-03-20 14:06:41',	'',	'2019-03-20 14:06:41',	NULL),
(119,	'59141242',	'$2y$10$yDOx1MS0P1.0OdAXHk31n.MDMqewry5kgpsfyVXNB.bPl5XwRMkeW',	NULL,	'2019-03-20 14:07:11',	'',	'2019-03-20 14:07:11',	NULL),
(120,	'59142901',	'$2y$10$FAoN.aXTo2RWSPVtnaRDxeJxeR8VBtHllvTDULXAe3rfV10hXURAa',	NULL,	'2019-03-20 14:07:56',	'',	'2019-03-20 14:07:56',	NULL),
(121,	'59145003',	'$2y$10$5m8V6Upy1FQqmdaXVIn10OT9PxlsgKgtBtHbTP6bxUn/kGi0ZgKhy',	NULL,	'2019-03-20 14:08:29',	'',	'2019-03-20 14:08:29',	NULL),
(122,	'59145219',	'$2y$10$qj7a8UAl6HMY86aUviQyyuOTrBXc3/cGap2fd/tYjkFHbYhUz.GPG',	NULL,	'2019-03-20 14:17:11',	'',	'2019-03-20 14:17:11',	NULL),
(123,	'59147918',	'$2y$10$ywApXZ49P95X5g.SxNLeZOw/FqCHIVn8C3B8j4g2KXIfWy2RjJxNG',	NULL,	'2019-03-20 14:17:44',	'',	'2019-03-20 14:17:44',	NULL),
(124,	'58111410',	'$2y$10$5.jSdyviBu5Bk8qfylWZIuE5p467SCJjSOV8OVMDZ/kINwhEZNSKK',	NULL,	'2019-03-20 14:47:26',	'',	'2019-03-20 14:47:26',	NULL),
(125,	'58112418',	'$2y$10$eTBKnePUMwQfHM3lDk.1KOQw/SlbvZqKb9nqoLCukXKkFmjw5z8UC',	NULL,	'2019-03-20 14:48:12',	'',	'2019-03-20 14:48:12',	NULL),
(126,	'58112970',	'$2y$10$Q/58dvMjasKAhWu1un/6nefv4shxcyKhP8LQISn1YtJrdO/iTzGRW',	NULL,	'2019-03-20 14:49:42',	'',	'2019-03-20 14:49:42',	NULL),
(127,	'58113341',	'$2y$10$7glADzzNQgCdn7uSJx33AuFOQ/w558qE1jdg.KrcphO5.WOZG7FqK',	NULL,	'2019-03-20 14:50:37',	'',	'2019-03-20 14:50:37',	NULL),
(128,	'58117656',	'$2y$10$zurtLlCjJ/swR7rWP4mYc.P0qVt.De9mNsOLjZPjrVCqLWpzRGvYC',	NULL,	'2019-03-20 14:53:43',	'',	'2019-03-20 14:53:43',	NULL),
(129,	'58120379',	'$2y$10$8YtEU8nRtnJZbU5MZ/bx5uPPjdCC0pZI8dvQUVSSrCXOr842Y/eiu',	NULL,	'2019-03-20 14:54:32',	'',	'2019-03-20 14:54:32',	NULL),
(130,	'58121435',	'$2y$10$gVfkcO.hZifdDtC8n8fAp.jLQ1M7UF3h7faO2dz.wfw7jka.rDK9S',	NULL,	'2019-03-20 15:08:21',	'',	'2019-03-20 15:08:21',	NULL),
(131,	'58121856',	'$2y$10$FxJb1Pg.6XYUvS69cv8LZ.QDY.Pktj6snwJxhCTdtFdBaA/2paI.q',	NULL,	'2019-03-20 15:12:38',	'',	'2019-03-20 15:12:38',	NULL),
(132,	'58122516',	'$2y$10$OoQBQVHczpsvC63F4jwU6O4D37L5TMdHGXnkFreB3uywLQS4JFeoa',	NULL,	'2019-03-20 15:13:04',	'',	'2019-03-20 15:13:04',	NULL),
(133,	'58140500',	'$2y$10$.s6KQnrWaetdOr/iVxVysODfYcjverLVmVdBV982GrkLMN0QimLTC',	NULL,	'2019-03-20 15:14:53',	'',	'2019-03-20 15:14:53',	NULL),
(134,	'58141623',	'$2y$10$oc26yfOfFkieqsFaBkWHceOyvVVAdTPIuF..VQBDksq4AFAVS6ESy',	NULL,	'2019-03-20 15:17:09',	'',	'2019-03-20 15:17:09',	NULL),
(135,	'58142753',	'$2y$10$sqFtKPxT5avTzprxt8vpveZhN8ENR7LSETBJAW7So67WAMK1Y8odO',	NULL,	'2019-03-20 15:17:42',	'',	'2019-03-20 15:17:42',	NULL),
(136,	'58143033',	'$2y$10$vLQqh0OMaNt9YzWzuj38deKOJQNEuvO9QJzyDA3CZBlA.BrgEWVSa',	NULL,	'2019-03-20 15:18:26',	'',	'2019-03-20 15:18:26',	NULL),
(137,	'58143900',	'$2y$10$ObqGUXhBvN01JIJOFpjJ6O79JeycE2fMpdacGznr5Mm3m.HKJpB6K',	NULL,	'2019-03-20 15:19:01',	'',	'2019-03-20 15:19:01',	NULL),
(138,	'58144239',	'$2y$10$e6eT4A1kyezMObkY6LjN9.k77hp01/yfv.pH0c6/3saz6gs910OaK',	NULL,	'2019-03-20 15:21:56',	'',	'2019-03-20 15:21:56',	NULL),
(139,	'58144924',	'$2y$10$F42q9jdgMeUHvY7b2e9SAuWIilD2ejuEL2QAoALp/WOivGLjR.pwa',	NULL,	'2019-03-20 15:23:25',	'',	'2019-03-20 15:23:25',	NULL),
(140,	'58145236',	'$2y$10$j3smWe8pGVq50SQQ6FzKTeCNQ7vCXj6U8EFlKBq2HKCBElx.lscQa',	NULL,	'2019-03-20 15:33:48',	'',	'2019-03-20 15:33:48',	NULL),
(141,	'58147406',	'$2y$10$CSj.RuMd37.8tvjxnjwHZ.cVk7R7Rrv0qnM82ksNCiBUjd5OkRr6O',	NULL,	'2019-03-20 15:34:35',	'',	'2019-03-20 15:34:35',	NULL),
(142,	'58148602',	'$2y$10$YMsiqTwrXF66afM15qMhJuRH9o3lVPnxfRR69zv6KXuL6s.dqSM3O',	NULL,	'2019-03-20 15:35:05',	'',	'2019-03-20 15:35:05',	NULL),
(143,	'58149840',	'$2y$10$XYULxUeeHYh7ZMQp50A9XuySsdwPprq4Fr05kdzlBtlhZUQXwj9zi',	NULL,	'2019-03-20 15:35:35',	'',	'2019-03-20 15:35:35',	NULL),
(144,	'58162660',	'$2y$10$K53Suyg5IQXmOCfWh3P0MOQcnVPhD3lzVTymnR8fN3Gg3AmSOYnuK',	NULL,	'2019-03-20 15:36:01',	'',	'2019-03-20 15:36:01',	NULL),
(145,	'58162694',	'$2y$10$C43NLF8N3wQRy5chFa7vouqS9OnTrSoZpdGX5jMQruAp4lhowujci',	NULL,	'2019-03-20 15:36:32',	'',	'2019-03-20 15:36:32',	NULL),
(146,	'so@hotmail.com',	'$2y$10$IOgs5yFOUtJfDwhevADNmem.ZpcQ7vcpjT2QSxOQ2ARV5fu9wCr.m',	NULL,	'2019-03-22 09:37:06',	'',	'2019-03-22 09:37:06',	NULL),
(147,	'12345678',	'$2y$10$SQxmhTbnq2XNeUuaWlhHSOtj6s1BKDR1Hiv9Zv.QyI0.rjAr/cwZq',	NULL,	'2019-03-22 09:37:55',	'',	'2019-03-22 09:37:55',	NULL),
(148,	'sudarat@gmail.com',	'$2y$10$wPcnfqLfGUVLDjteuZZe4.i1kpMS7gjhjhO99wtv7Fa.LbTs574Nu',	'MklQHYxP0pXuBfKWW77vEt7E1dhSnBGWhj2nUXBaLuMKYC48HxFf3eJgvPGh',	'2019-03-31 17:27:00',	'',	'2019-03-31 17:27:00',	NULL);

-- 2019-04-06 15:19:47
